,IMF1
1,-23.26648467
2,12.36520472
3,-10.87254844
4,-2.954475062
5,4.932208804
6,9.829960534
7,-5.245129013
8,-21.06104587
9,18.96368812
10,1.544009586
11,3.788530326
12,-0.300919428
13,-9.606072957
14,4.50129057
15,-3.13420139
16,8.285795499
17,-2.245974837
18,-20.70003465
19,36.82857247
20,-17.91963172
21,-9.399066337
22,-3.087837482
23,1.492411979
24,13.97991924
25,-7.175417429
26,-8.312182352
27,9.824307314
28,5.299911774
29,-16.73781381
30,0.655668
31,8.622964622
32,6.776638488
33,7.13084844
34,-30.62512819
35,15.46245019
36,1.834387446
37,-0.427313315
38,7.604979138
39,-10.82027866
40,-5.52226566
41,12.89395619
42,-8.103459567
43,2.092758481
44,4.340369429
45,-2.620586938
46,-0.974231592
47,-16.0075623
48,13.12695963
49,10.9184542
50,-10.6366532
51,3.54214073
52,-11.58918328
53,-1.438152002
54,25.64756146
55,-24.31192483
56,1.392153145
57,1.218128409
58,-2.179901641
59,8.530919601
60,-4.350093599
61,0.782375379
62,-11.92416602
63,15.87149314
64,-4.154871391
65,2.414940107
66,2.040951327
67,0.508321118
68,-3.159204767
69,-4.055390621
70,2.390442012
71,2.276997337
72,-0.771447781
73,-0.198222893
74,-5.678664166
75,7.853215197
76,-6.211316169
77,-3.200395096
78,6.482298781
79,3.647658434
80,-4.039450727
81,-1.838893111
82,-5.931517411
83,9.16951079
84,-5.179673078
85,-3.87129605
86,13.91370352
87,-8.531803844
88,0.482412269
89,0.622992801
90,-1.004584792
91,9.776979023
92,-3.353894488
93,-12.37093962
94,5.274627556
95,9.099766657
96,-0.112412282
97,-8.612506119
98,1.967396697
99,10.27013832
100,-17.02298977
101,10.58946575
102,7.738577356
103,-10.96346941
104,-0.418414747
105,0.180583119
106,0.314282171
107,6.847923187
108,-5.833002726
109,-2.075628681
110,6.141085467
111,-4.012869329
112,-2.276388327
113,1.639770835
114,-1.288674837
115,19.53660349
116,-21.92369289
117,3.270228021
118,9.592904824
119,0.95008974
120,-11.70494953
121,6.084027955
122,7.511921601
123,-5.366808347
124,-2.959628174
125,0.976219064
126,5.314326819
127,10.33708612
128,-11.83742882
129,-12.3997858
130,11.62006567
131,8.348936634
132,-8.417613851
133,5.101827299
134,-8.958012288
135,6.159572359
136,-2.956091999
137,-8.130659957
138,14.48081528
139,1.389325526
140,-4.37926686
141,-4.381410053
142,4.462007411
143,-7.823054078
144,7.923780842
145,1.260893019
146,-8.192890369
147,7.343363729
148,-3.155809367
149,6.769320592
150,-10.00782834
151,0.043399111
152,2.307575735
153,0.911068784
154,3.850702034
155,-9.960745838
156,4.253733799
157,-1.726088828
158,2.057590106
159,9.644642571
160,-18.85017911
161,12.20957461
162,-4.550641481
163,4.399689894
164,3.185394577
165,-10.03220265
166,-6.56878175
167,15.50242705
168,-6.079158858
169,11.22666701
170,-30.1271056
171,14.8400092
172,-0.622529141
173,-1.659165983
174,-1.191401075
175,1.199509141
176,-2.901636113
177,15.54540119
178,-17.87495981
179,8.661363999
180,-0.96768564
181,-9.878404486
182,12.93135198
183,3.65987338
184,-13.19181663
185,14.60935925
186,-16.16479997
187,8.482028628
188,8.868931287
189,-4.721918203
190,-17.84379533
191,7.314856849
192,3.952227035
193,14.44265458
194,-19.14055709
195,-1.633717844
196,7.657220532
197,13.55536042
198,-9.152359842
199,-23.12506628
200,23.44038419
201,12.89284875
202,-20.83752047
203,2.219092066
204,-3.797619921
205,15.04068086
206,-6.662474273
207,0.146544355
208,-12.17550892
209,11.14749911
210,-1.5678225
211,1.841401619
212,-7.524956607
213,9.24174678
214,-2.454547817
215,2.981757517
216,2.282738037
217,-12.20961062
218,0.375662071
219,5.811158067
220,7.181238476
221,-12.85351288
222,9.559008716
223,-2.987639455
224,-0.204801195
225,-3.581886363
226,8.450848224
227,-0.205055406
228,-0.705702579
229,-5.573404449
230,7.821910601
231,-1.59759461
232,-13.204201
233,5.579068863
234,0.971726007
235,8.978403583
236,-4.625500362
237,-1.168183151
238,-4.67497567
239,0.465259568
240,5.646987888
241,0.178776222
242,-0.395788419
243,-6.342709954
244,4.228783205
245,-6.951586341
246,15.14705185
247,-8.566790274
248,3.410169443
249,-9.596933735
250,1.564607915
251,6.117429092
252,-2.354100743
253,1.717882574
254,0.725661732
255,3.820496242
256,-11.80775357
257,4.167369859
258,-5.419627746
259,7.713668271
260,10.12500325
261,-16.67759814
262,5.430638593
263,5.414034722
264,4.14832162
265,-10.45809702
266,-4.682960043
267,1.528350489
268,18.78456747
269,-0.768664892
270,-22.55088321
271,0.944756731
272,15.19343477
273,-7.250265686
274,3.158775794
275,8.423152906
276,-25.97291105
277,15.06104743
278,8.055643045
279,-9.999674542
280,3.066512398
281,9.183099635
282,-10.5963255
283,-0.446057901
284,-4.238631604
285,7.009923651
286,8.284809254
287,-15.51656546
288,3.551859411
289,1.816414414
290,1.74363103
291,0.768842047
292,-9.901922489
293,7.674332038
294,0.784564044
295,-5.199318476
296,6.389451682
297,-5.224201241
298,4.15873595
299,-4.732485539
300,-6.932138613
301,14.37629179
302,-4.098156023
303,0.240388889
304,-12.59197011
305,3.327863432
306,11.42529688
307,-0.841198082
308,-11.45092872
309,4.108455861
310,7.003891713
311,-8.589317507
312,-3.106814247
313,24.57797382
314,-22.29795151
315,-2.212345193
316,5.993387748
317,1.985183237
318,-0.059231441
319,2.565083553
320,-2.081185443
321,-9.320656526
322,8.022601719
323,14.01954405
324,-11.99399017
325,-13.04909326
326,12.91536976
327,5.723964567
328,-1.706606023
329,-3.310768149
330,-5.80787422
331,3.930823094
332,7.599739817
333,-1.643328729
334,-6.036295147
335,5.012251677
336,-4.688966804
337,2.655610764
338,-1.657766911
339,0.818251566
340,-0.498507588
341,3.859872882
342,-10.61053666
343,11.69229155
344,-5.040641248
345,0.436407699
346,-1.632005294
347,4.799437313
348,-1.980898276
349,-4.124713604
350,1.564554649
351,9.745261085
352,-9.046480451
353,-4.633790085
354,10.14519791
355,0.54246207
356,-7.232434784
357,2.149486531
358,3.773657717
359,4.177560318
360,-7.505355194
361,-6.887466349
362,10.46912248
363,-0.670785883
364,-7.00610495
365,12.91269388
366,-2.843573646
367,-7.501997254
368,0.142961536
369,8.600602967
370,-7.065107492
371,3.880023099
372,-7.700023778
373,8.863668859
374,-0.850180794
375,-4.497575934
376,4.646398577
377,-2.700904106
378,0.029407471
379,4.610646119
380,-4.138889241
381,-6.662813424
382,7.605474231
383,-1.574513042
384,-3.80826195
385,-1.821965445
386,4.783581191
387,3.048750668
388,-10.79551732
389,6.02115337
390,9.741273636
391,-11.06845207
392,-7.394140302
393,6.125285934
394,5.33224299
395,3.888905628
396,-9.412399674
397,-7.218597323
398,13.08148135
399,5.452807466
400,-12.7772651
401,1.716294254
402,-0.112127558
403,0.830526939
404,-1.643583025
405,5.769101574
406,-7.3096501
407,7.057141982
408,-2.535951297
409,-6.036795948
410,6.714276294
411,-2.049866954
412,-0.631332242
413,0.047860666
414,2.732755044
415,1.239184766
416,-4.202805092
417,2.93814755
418,-2.907468382
419,3.146059502
420,-4.980073664
421,4.6409357
422,-0.804227643
423,0.48035717
424,2.831435063
425,-7.345630125
426,3.735463268
427,3.30900574
428,-5.203202096
429,-5.13553691
430,4.35674361
431,8.598685956
432,-6.1886083
433,-25.16781446
434,28.5142768
435,1.677147386
436,-11.67924839
437,2.018351294
438,-4.344575226
439,7.084192454
440,8.699329513
441,-13.89274937
442,1.332957784
443,4.778174522
444,-3.903750398
445,2.193011511
446,2.548980174
447,-11.59274636
448,3.995708287
449,4.07571536
450,-5.94619356
451,4.350139316
452,-0.613102661
453,-5.357761873
454,8.908186135
455,-5.244192962
456,0.306228882
457,-5.226434167
458,8.120173744
459,-0.446482313
460,-0.74267192
461,-0.224101255
462,-7.343680488
463,9.019295138
464,3.218560035
465,-9.512682235
466,5.347958319
467,-10.49955096
468,7.85504156
469,1.412247961
470,0.52598536
471,-3.723080222
472,5.422102425
473,0.110400131
474,-5.375151902
475,0.960023424
476,5.236796151
477,-5.343594249
478,6.538311129
479,-2.870425856
480,-3.637591784
481,1.476612831
482,4.254321455
483,-8.070753373
484,2.121363703
485,0.968831405
486,4.676225692
487,-6.194999235
488,0.013183094
489,4.51670778
490,3.41984153
491,-19.62124777
492,17.75194706
493,-9.021782001
494,-0.4390953
495,6.583412102
496,4.281329846
497,-0.314444058
498,-20.92926741
499,16.55713523
500,2.131771958
501,2.831743815
502,-4.727400479
503,-3.165670377
504,10.22856455
505,-19.32035356
506,13.72772547
507,-0.472888492
508,3.657251291
509,-10.32523649
510,1.68619157
511,7.770332367
512,-1.667355854
513,-2.173104318
514,-3.247634764
515,6.704175353
516,-9.173669748
517,1.858954796
518,6.573668794
519,3.171094779
520,-12.39293474
521,4.112583861
522,1.476369415
523,1.229514605
524,-11.94306941
525,27.99589597
526,-24.44447848
527,4.503790757
528,2.856989401
529,3.629566349
530,-7.251033626
531,1.773933103
532,5.639065735
533,-2.982254456
534,1.709980857
535,-4.698608354
536,2.37650918
537,-1.125772878
538,3.20076968
539,-0.539860011
540,-3.575002734
541,8.681409008
542,-13.84134695
543,5.467477105
544,7.112035342
545,-18.27012813
546,11.57720692
547,15.07545048
548,-10.05900788
549,-10.23573457
550,8.005756303
551,6.07236979
552,-5.695094629
553,-7.470324759
554,19.48032456
555,-10.54387662
556,-12.76964681
557,24.90040823
558,-4.805976702
559,-21.49600207
560,14.94994257
561,4.187585846
562,-7.43934515
563,5.158273813
564,-8.513804948
565,16.6094644
566,-4.535214974
567,-8.329233491
568,-2.933412274
569,8.896860657
570,5.374503513
571,-14.41351201
572,6.384329646
573,-2.335756156
574,5.931011978
575,0.708488147
576,-3.169693
577,0.188682706
578,-1.631063908
579,-10.86470716
580,11.73548656
581,-2.806351196
582,-0.554208442
583,-5.430828611
584,7.161493195
585,7.157403524
586,-19.2851603
587,10.46730617
588,3.985533235
589,-5.841822788
590,3.162043882
591,-4.309252955
592,-2.200833432
593,6.20202923
594,3.156649961
595,-12.01992435
596,-2.516721306
597,5.080031739
598,4.956520796
599,-6.849503772
600,5.115501207
601,3.523819203
602,-6.382549956
603,-5.123356455
604,1.938169669
605,5.076881415
606,-4.327783045
607,1.252920479
608,1.552110616
609,1.202448715
610,-5.019306427
611,1.020711684
612,13.15776561
613,-10.28993492
614,-8.967830575
615,6.395705654
616,1.782286003
617,-0.542657294
618,1.726624106
619,-7.558854777
620,29.05674824
621,-24.16303893
622,-4.955848135
623,10.14212857
624,2.029217307
625,-1.121695972
626,4.290171138
627,-13.38142963
628,7.093158717
629,14.50565569
630,-5.257283293
631,-17.69567385
632,-9.894191661
633,30.85488022
634,-7.396617626
635,-4.388862893
636,-7.612448556
637,12.01270609
638,-2.436407644
639,5.979275773
640,-20.99586109
641,14.29289933
642,-2.273631915
643,6.167682123
644,-0.531766747
645,-8.91510421
646,1.067509388
647,0.511700013
648,1.091551839
649,4.382713102
650,-3.876347056
651,3.547821061
652,4.775253325
653,-4.930755689
654,-10.02414621
655,12.19604937
656,-1.141229776
657,1.00924782
658,-29.96392891
659,53.29780227
660,-35.4218105
661,0.486411864
662,-4.275018863
663,6.022328655
664,-4.522327336
665,1.538378219
666,-0.068967718
667,3.059442833
668,-0.91698988
669,1.943771072
670,-7.466144237
671,2.462381598
672,8.359333461
673,-4.903339139
674,-16.62233228
675,16.4023779
676,-0.276606697
677,-2.826858657
678,2.179428268
679,-2.047679639
680,3.652916951
681,6.096031289
682,-18.02805915
683,6.775452167
684,0.652629579
685,7.58594953
686,0.320322279
687,-11.11471245
688,-1.925081211
689,6.625301619
690,3.449167901
691,-5.93757158
692,-2.486828528
693,3.312514355
694,1.901729568
695,2.29482244
696,-1.849314137
697,-8.842875244
698,7.668510512
699,-0.784390317
700,9.841654908
701,-8.114373966
702,4.634841525
703,-12.91853707
704,7.669726407
705,2.205550042
706,-3.736896677
707,-1.351719339
708,0.594559252
709,-3.100076278
710,8.918494171
711,-3.086628213
712,-1.975248894
713,-5.181011863
714,9.759873978
715,3.988110223
716,-18.13791548
717,4.339826757
718,13.58142229
719,-2.573550799
720,-3.327673628
721,-2.866481763
722,3.142452755
723,4.701676217
724,-10.37426607
725,-2.894736704
726,12.81921558
727,-2.860054686
728,0.091344153
729,-11.65451593
730,11.22541892
731,1.029940369
732,-5.143629479
733,-1.557244732
734,6.77953397
735,-2.260361354
736,-2.865781545
737,-0.647135394
738,10.61105323
739,-8.366279345
740,-3.919874376
741,10.37967285
742,0.924164579
743,-13.78263042
744,6.453850856
745,3.151029096
746,-2.840374209
747,1.250292772
748,-2.567202758
749,2.053752069
750,-0.931378598
751,3.317875174
752,0.551011051
753,-10.88865522
754,5.801502804
755,7.985970524
756,-6.722807435
757,0.019451422
758,-0.08118763
759,-2.846775822
760,7.239754632
761,0.513140739
762,-5.580283462
763,-6.54909981
764,12.16661236
765,-2.177381218
766,4.630174236
767,-6.00900108
768,0.336772905
769,6.636304025
770,-0.002087982
771,-13.03391011
772,6.146348258
773,6.463294632
774,-4.393136269
775,4.867184089
776,-4.664252728
777,7.188421815
778,-8.847658317
779,-5.59932465
780,16.40988219
781,-7.702439627
782,-6.95282031
783,11.20719204
784,-17.35715311
785,10.8984811
786,-6.40098985
787,5.616960277
788,-1.52645944
789,-0.6263429
790,-8.623332997
791,14.63397753
792,0.569915534
793,-11.72636008
794,-2.537922679
795,9.748549971
796,-6.04341832
797,-1.078984078
798,9.422211506
799,-4.524463193
800,-4.321632247
801,0.73123478
802,4.750213246
803,0.667151105
804,-3.662993814
805,3.928806367
806,0.400146822
807,-4.94428919
808,-2.350264731
809,3.945979798
810,4.47591455
811,-11.10992556
812,10.48053277
813,-8.553753828
814,9.713636317
815,-4.075793821
816,-1.351889803
817,1.068398931
818,-3.463710602
819,1.583290522
820,-3.432781097
821,9.34984013
822,-9.368706083
823,-1.190236757
824,2.799462697
825,6.174169668
826,-4.09082049
827,-5.482148999
828,3.654790312
829,-0.969906739
830,6.545963069
831,-5.819025939
832,7.215750415
833,-14.91081225
834,7.201387188
835,2.209346883
836,-1.143458267
837,1.403346059
838,-2.912999791
839,2.842754437
840,-1.856145663
841,-2.237640839
842,6.545302095
843,-4.905593748
844,2.627647625
845,-2.893125617
846,0.662711693
847,3.15637368
848,-4.295409778
849,3.511517274
850,-2.843032202
851,1.76636098
852,-0.736788726
853,-1.308914574
854,1.975948392
855,1.303194399
856,-5.838987684
857,-0.634689897
858,5.423160899
859,0.020906495
860,-3.004789147
861,6.540271092
862,-9.688366328
863,2.779985156
864,4.018134726
865,-3.126496791
866,1.36532486
867,-1.718480958
868,1.50438039
869,-2.812454862
870,-0.062609547
871,1.62692825
872,-1.111640996
873,-1.638106634
874,1.176729282
875,5.137946867
876,-6.379678089
877,-2.049175954
878,4.097810147
879,-1.178339163
880,3.227227626
881,-4.403811021
882,3.402130816
883,-3.746328792
884,4.07021497
885,-0.146217784
886,-1.010137621
887,-10.91869384
888,11.62060794
889,3.004749409
890,-4.845086053
891,-4.461800137
892,3.245931625
893,0.570151982
894,0.234208469
895,0.43340767
896,4.13282299
897,-12.20321214
898,10.10048045
899,-1.159423877
900,1.667102746
901,-0.555454665
902,-3.41804587
903,2.279232048
904,0.98554991
905,2.896965721
906,-3.89819803
907,0.598551377
908,2.067648213
909,1.89689328
910,-3.625000091
911,3.604074906
912,-3.090176253
913,-2.684695653
914,3.621463282
915,0.32727802
916,-3.982760576
917,3.269255
918,3.258328667
919,-8.909512415
920,8.464198783
921,-7.18510556
922,0.08297573
923,13.62128171
924,-15.02189189
925,-1.098225652
926,9.436413344
927,2.972300136
928,-13.09297086
929,5.471489271
930,10.75050819
931,-8.414259431
932,1.795382324
933,-3.754131683
934,2.52936787
935,5.151847026
936,3.256304909
937,-9.418936356
938,5.672133382
939,-3.439349201
940,11.41189067
941,-9.812251002
942,-4.870999257
943,4.1119603
944,3.57855415
945,-0.015908609
946,4.892278195
947,-15.00792516
948,3.392125935
949,9.049894507
950,-5.938484141
951,-0.060905049
952,2.696376573
953,0.046855958
954,2.765718934
955,-7.640492664
956,2.200689278
957,-3.39604078
958,11.45212103
959,-8.614474844
960,5.881551981
961,-16.61469997
962,17.26559749
963,-0.093687274
964,-0.320269363
965,-5.768383699
966,-4.434136522
967,11.97802003
968,-3.774397372
969,1.257752587
970,-6.230141293
971,5.124530686
972,-2.430086594
973,5.325859692
974,-6.006872378
975,-3.184430936
976,-6.406654585
977,1.123962028
978,50.51706468
979,-49.03855458
980,7.859718662
981,9.526663643
982,-16.14511436
983,4.62409464
984,15.21621618
985,-12.1195974
986,-21.31012299
987,37.92965936
988,14.24111174
989,-35.54505685
990,-21.95806188
991,19.67489295
992,36.24874922
993,-27.56944124
994,-28.54307265
995,32.56427669
996,9.14950976
997,-23.77545591
998,-7.77494794
999,49.79659094
1000,-24.77748706
1001,-9.953709666
1002,-22.68351268
1003,4.436041368
1004,67.26303955
1005,-22.65525934
1006,-66.9785301
1007,44.04582376
1008,-1.060006506
1009,14.21712344
1010,-16.40047675
1011,3.900157768
1012,3.535686794
1013,-15.750698
1014,37.22672075
1015,-38.95549981
1016,-5.381639772
1017,11.04987341
1018,39.97497972
1019,-33.05557542
1020,-10.21610926
1021,8.115937865
1022,4.379717221
1023,-12.48290187
1024,16.41674779
1025,-8.207575776
1026,5.4693227
1027,-11.71016062
1028,3.698157082
1029,0.994662642
1030,4.676750782
1031,1.036885445
1032,-2.507062742
1033,-4.190506558
1034,-8.630745917
1035,13.74146047
1036,-1.356993217
1037,-4.48821097
1038,3.221653329
1039,-5.348974225
1040,-0.039843981
1041,-4.552817594
1042,14.99615995
1043,-5.544837753
1044,-13.57207995
1045,6.313825438
1046,14.88244878
1047,-7.797896978
1048,3.069602801
1049,-22.29042295
1050,14.55587654
1051,18.16957789
1052,-10.26202022
1053,-3.873587479
1054,-16.7557488
1055,18.76894067
1056,8.216671442
1057,-6.956981947
1058,-20.36750771
1059,17.30951737
1060,16.51897521
1061,-8.863180226
1062,-36.33636977
1063,28.41375509
1064,29.52938228
1065,-53.08852367
1066,21.95517947
1067,26.24253089
1068,-47.48238345
1069,16.70104973
1070,36.43928722
1071,-24.46086492
1072,-3.945060234
1073,-13.30043264
1074,35.74716865
1075,23.51477993
1076,-42.74957485
1077,-34.77154205
1078,25.01962862
1079,15.07559686
1080,0.507671609
1081,3.974878756
1082,6.255095762
1083,-35.68336132
1084,8.31530145
1085,39.31626327
1086,-30.09827511
1087,-11.4212622
1088,10.30820624
1089,-5.78565782
1090,3.654506498
1091,87.31526849
1092,-121.3732326
1093,16.58656721
1094,41.82068392
1095,11.86215642
1096,-37.78743352
1097,-3.966928813
1098,25.32528664
1099,-6.624149086
1100,6.602953396
1101,-35.52081306
1102,18.32260263
1103,39.53752118
1104,-49.41952875
1105,-14.87236924
1106,76.12274865
1107,-23.10220681
1108,-106.2673114
1109,36.22098483
1110,114.400164
1111,-36.54857278
1112,-73.56669714
1113,-9.133591298
1114,98.51507427
1115,-40.30533775
1116,-75.0778814
1117,104.3582887
1118,9.594055562
1119,-85.12334134
1120,-14.19130816
1121,48.65989703
1122,20.8922965
1123,29.83810587
1124,-34.64826418
1125,-47.24470417
1126,37.02850728
1127,15.80264467
1128,-2.432658488
1129,-46.80398942
1130,-2.064855642
1131,63.3468255
1132,40.00004819
1133,-110.0034353
1134,-0.784415634
1135,81.22329376
1136,-7.642379195
1137,-70.85169448
1138,29.78618017
1139,45.15717177
1140,-38.02388491
1141,-45.69235809
1142,53.61358442
1143,21.36005021
1144,-25.78497507
1145,-16.23804922
1146,9.34100568
1147,-2.600267824
1148,44.50871171
1149,-73.26475456
1150,15.89542458
1151,50.67659416
1152,9.246029468
1153,-56.88896328
1154,2.284292771
1155,-28.40300981
1156,57.58986383
1157,-0.580569709
1158,-21.78931358
1159,0.378666185
1160,20.98584778
1161,-35.73765778
1162,22.79906016
1163,-1.967511251
1164,-3.14961515
1165,43.36258441
1166,-72.80257308
1167,27.41692037
1168,41.16030633
1169,-40.99122498
1170,-10.35836975
1171,31.93139767
1172,-13.6432165
1173,-8.625480007
1174,16.82314081
1175,4.268733464
1176,-6.87979605
1177,-16.68455873
1178,24.73794189
1179,-27.69970833
1180,39.71012916
1181,-7.693009827
1182,-11.81314776
1183,-6.5810265
1184,6.81819702
1185,2.553335046
1186,-5.729198084
1187,26.96487452
1188,-35.22626728
1189,2.315884283
1190,16.64969072
1191,-5.803300569
1192,1.630870235
1193,-10.7796378
1194,16.69731507
1195,13.6410693
1196,-41.52836035
1197,3.444519472
1198,36.07771254
1199,-26.58431006
1200,11.1013505
1201,-1.968252337
1202,-7.869398558
1203,12.16256287
1204,-1.897043922
1205,-26.62426298
1206,39.83618112
1207,-16.54939046
1208,-11.14984358
1209,8.214336501
1210,17.74229525
1211,-27.48161877
1212,-6.310826649
1213,25.72424921
1214,36.59590912
1215,-45.8605689
1216,-12.70769417
1217,8.1986738
1218,22.82933234
1219,-3.797644893
1220,-5.393246725
1221,-1.742213106
1222,-2.649046667
1223,18.31708579
1224,-30.67279268
1225,18.3492736
1226,4.533146094
1227,-10.92560131
1228,2.138993393
1229,-1.536137986
1230,5.810683306
1231,-10.11608852
1232,18.59126828
1233,-14.90157774
1234,-3.113845252
1235,25.04901325
1236,-30.34280008
1237,-8.549722743
1238,22.41161018
1239,46.86270662
1240,-76.04480679
1241,21.09059657
1242,12.78229139
1243,0.564708648
1244,13.06642836
1245,-32.6429885
1246,21.48168732
1247,1.069149885
1248,13.46980884
1249,-34.44279443
1250,17.99948691
1251,11.29942039
1252,5.749718951
1253,-36.72324514
1254,21.35492552
1255,36.34430619
1256,-32.5306703
1257,-10.98088417
1258,17.12472299
1259,-6.04085314
1260,5.887615907
1261,-15.03843938
1262,19.78433228
1263,10.47822383
1264,-32.50477773
1265,14.3410854
1266,6.236027336
1267,9.361591433
1268,-25.77505551
1269,14.75750862
1270,-9.161287156
1271,-2.874721552
1272,36.35842715
1273,-25.31144183
1274,-4.437591101
1275,-22.85008383
1276,30.92580408
1277,7.370544034
1278,-18.16428141
1279,5.485980228
1280,7.58676627
1281,-8.46411331
1282,12.22270894
1283,-30.49247329
1284,32.42690378
1285,-5.30124853
1286,-8.443996865
1287,-4.97286797
1288,-3.363302932
1289,15.22662477
1290,-4.858686853
1291,-2.098005277
1292,-1.998301913
1293,-8.524697674
1294,23.68671406
1295,-21.65321752
1296,6.25993053
1297,11.64891587
1298,-20.0465081
1299,7.914817752
1300,2.202189279
1301,17.76618322
1302,-30.02036701
1303,19.43378094
1304,-17.34304288
1305,16.5434796
1306,-4.941734931
1307,5.683442012
1308,-10.63187915
1309,-0.784304064
1310,21.73883579
1311,-7.869329206
1312,-7.829331646
1313,-4.318256774
1314,2.430091172
1315,12.05540962
1316,-0.291128355
1317,-14.38032507
1318,8.074963771
1319,-2.086433379
1320,-9.393628365
1321,28.01288964
1322,-17.90537587
1323,-16.78327171
1324,15.79055321
1325,-2.179354555
1326,1.045628663
1327,-3.262551074
1328,10.02730279
1329,-9.224225282
1330,0.52737256
1331,-5.97802394
1332,7.290252087
1333,-4.648406686
1334,5.100063019
1335,-0.886246687
1336,3.620492223
1337,-22.63594637
1338,23.16521464
1339,4.690588459
1340,-11.61325017
1341,2.02339734
1342,-1.030135998
1343,-5.831425602
1344,9.339766847
1345,11.20657171
1346,-34.67860887
1347,15.37781921
1348,-1.769993475
1349,3.298955874
1350,-11.37362463
1351,10.30029042
1352,-3.085229808
1353,0.673746029
1354,1.554472441
1355,-4.83558886
1356,1.36921448
1357,8.409586467
1358,0.196088445
1359,-12.29338818
1360,7.700284262
1361,2.462539171
1362,0.224729855
1363,8.405832077
1364,-12.16013638
1365,-1.36445476
1366,4.833178824
1367,8.577014472
1368,-6.776538487
1369,1.999238878
1370,3.230105379
1371,-5.163293956
1372,-1.964759422
1373,10.60742219
1374,-0.125626866
1375,-13.90451326
1376,4.425122733
1377,17.2154443
1378,-15.04437455
1379,6.789036646
1380,-3.580665552
1381,-0.897487177
1382,4.741551492
1383,-0.711433122
1384,-2.156006804
1385,-2.663019411
1386,6.842694513
1387,5.879495407
1388,-4.305105713
1389,-23.3604256
1390,24.1422997
1391,7.34332562
1392,-15.33994394
1393,5.151599115
1394,-1.527826885
1395,2.25789593
1396,-2.278734488
1397,4.225030407
1398,-9.612249204
1399,9.058769605
1400,-4.294813285
1401,0.019948611
1402,2.367867567
1403,5.4474597
1404,-8.524908159
1405,-0.076950639
1406,-0.040984563
1407,1.890876614
1408,-4.825192504
1409,18.49241302
1410,-12.20873859
1411,1.301940338
1412,-1.201236408
1413,5.123582365
1414,-1.486912825
1415,-7.622158571
1416,6.029108072
1417,2.349216153
1418,2.116982779
1419,-7.905327995
1420,2.988876596
1421,6.166225363
1422,-10.48353342
1423,5.463406382
1424,6.211796099
1425,-4.040205949
1426,1.461028274
1427,-0.189483336
1428,-3.437679032
1429,1.580092595
1430,6.410152182
1431,-6.315811448
1432,-8.066426159
1433,10.21816323
1434,-0.991215967
1435,0.491027734
1436,-7.227967467
1437,12.63432376
1438,-10.59329472
1439,5.760462621
1440,-5.903378749
1441,6.900300784
1442,0.635507795
1443,-5.028649045
1444,9.792602003
1445,-8.668355979
1446,-3.157432112
1447,2.56639438
1448,5.556928985
1449,-3.032213414
1450,-0.988013649
1451,1.929835995
1452,-2.81462152
1453,-1.181852019
1454,1.206534043
1455,4.158699766
1456,-4.962985103
1457,-8.200250821
1458,4.446566103
1459,9.01301946
1460,-13.34916977
1461,-2.135070293
1462,18.22986624
1463,-13.77111365
1464,-1.371333327
1465,2.723989106
1466,-5.045437338
1467,4.767260873
1468,20.0698188
1469,-28.90461241
1470,10.34709834
1471,-0.188962065
1472,1.453493574
1473,2.703233537
1474,-9.280078075
1475,3.774585353
1476,1.21603127
1477,0.325421418
1478,-6.811139685
1479,5.145367454
1480,2.656163621
1481,0.472873288
1482,-7.719526451
1483,1.527265085
1484,3.853627503
1485,-0.66684904
1486,-1.582546313
1487,-1.919968594
1488,1.635842645
1489,3.89075599
1490,-0.749049129
1491,4.434086492
1492,-7.304819591
1493,-1.245494778
1494,8.753610792
1495,-5.04430286
1496,-3.597339413
1497,5.723780828
1498,0.411920153
1499,-4.097306047
1500,2.796557726
1501,1.455713619
1502,-1.068999162
1503,-1.136087576
1504,-1.141353707
1505,1.773028301
1506,1.338411611
1507,2.244436794
1508,-6.011612814
1509,5.745066586
1510,-2.956810541
1511,0.708748628
1512,-3.348179315
1513,0.319083565
1514,-0.343794474
1515,2.002217048
1516,-1.630347472
1517,1.378312842
1518,-8.395145773
1519,6.704020291
1520,10.27177028
1521,-14.20051906
1522,0.702923373
1523,2.923134691
1524,4.557470307
1525,-0.502563075
1526,-7.287297993
1527,3.97839948
1528,4.336365712
1529,-9.370093678
1530,5.20128484
1531,6.35046337
1532,-10.30233259
1533,6.33511513
1534,-1.052280351
1535,-2.276417343
1536,1.01631969
1537,5.078320755
1538,-5.214731828
1539,6.853301105
1540,-0.260372153
1541,-15.09910406
1542,8.868272721
1543,2.372525606
1544,1.778607837
1545,-6.0150754
1546,1.809911493
1547,-2.235736653
1548,-0.671735883
1549,10.85799732
1550,-11.32457574
1551,9.086405135
1552,-4.680967435
1553,-3.186661068
1554,6.850184745
1555,0.813302894
1556,-7.755469176
1557,3.017264421
1558,1.921685029
1559,-1.22367977
1560,-0.50980443
1561,-2.028128148
1562,5.890347009
1563,-0.061826609
1564,-4.361455481
1565,-0.671164271
1566,13.25726127
1567,-12.28132962
1568,5.32676399
1569,-1.605498543
1570,1.249408595
1571,5.24179262
1572,-4.612498497
1573,-4.465439187
1574,12.98620175
1575,2.201402683
1576,-20.27787125
1577,9.890881405
1578,-4.664920871
1579,11.73967704
1580,-9.054138825
1581,1.064940093
1582,1.953589824
1583,-8.912347196
1584,8.4073693
1585,0.017508649
1586,0.71188715
1587,-0.816306033
1588,-1.413380194
1589,2.824698626
1590,-1.084312145
1591,-4.105429836
1592,3.117326289
1593,-1.318162508
1594,-4.771358373
1595,17.02832502
1596,-16.97909675
1597,5.339500442
1598,3.590756691
1599,0.992289435
1600,-3.079821539
1601,1.457360517
1602,2.581780525
1603,-5.268905148
1604,1.494600815
1605,1.943019816
1606,-1.795113428
1607,-1.261484454
1608,4.280688121
1609,-4.903502422
1610,-1.67845573
1611,2.2597965
1612,14.79017702
1613,-25.40684572
1614,9.339941086
1615,6.014151784
1616,-5.121849938
1617,0.730383865
1618,-0.897687756
1619,5.205944385
1620,-4.18240797
1621,-3.728014806
1622,1.735555014
1623,0.180753466
1624,5.430573714
1625,-2.375734321
1626,-0.13990019
1627,-1.945544813
1628,3.642846731
1629,-2.789758565
1630,11.49025864
1631,-9.744320655
1632,-6.531080079
1633,13.54930024
1634,-8.672221926
1635,3.219325351
1636,-1.157901138
1637,1.358179222
1638,0.993679849
1639,2.917164269
1640,-10.26457977
1641,-2.90534505
1642,12.07231429
1643,-1.577897412
1644,0.451110118
1645,-6.793840311
1646,4.570818093
1647,-2.502156052
1648,1.327925518
1649,0.940557356
1650,1.862146693
1651,-2.286763493
1652,-0.386398379
1653,2.422295413
1654,-2.004785019
1655,8.402057824
1656,-8.301053381
1657,2.536901354
1658,0.218352997
1659,-2.492390621
1660,7.496660208
1661,-5.250267664
1662,-1.195335948
1663,1.613045351
1664,5.444542889
1665,-6.185764215
1666,-10.08840427
1667,24.88094158
1668,-8.97365228
1669,1.831366588
1670,-4.550147618
1671,-0.866563515
1672,5.784097394
1673,-6.088419308
1674,0.678501737
1675,-0.920843205
1676,-0.501790529
1677,1.439537256
1678,-1.349630996
1679,-2.017590512
1680,2.061298018
1681,2.644139436
1682,3.964687912
1683,-11.46312855
1684,9.56105782
1685,0.952215155
1686,-4.439701467
1687,-3.77648343
1688,4.12393165
1689,7.559457175
1690,-7.145880502
1691,-3.909881403
1692,2.171736087
1693,8.283370252
1694,-3.970643839
1695,-0.672947903
1696,4.210090204
1697,-10.42203994
1698,-2.40481128
1699,8.586451504
1700,13.3783269
1701,-16.44645909
1702,1.258830334
1703,-1.856326385
1704,4.506781744
1705,2.080099344
1706,-7.401294588
1707,1.692524335
1708,6.028272598
1709,-0.776255005
1710,-2.080329528
1711,-4.81257952
1712,8.529305428
1713,1.774972365
1714,-8.485058322
1715,8.093036598
1716,-2.46080124
1717,-5.554684491
1718,4.674022238
1719,-0.694386312
1720,2.149153287
1721,-3.140532433
1722,1.156836294
1723,-1.117035615
1724,2.821382523
1725,-0.076327475
1726,-8.950510545
1727,4.348452566
1728,6.566757038
1729,0.277320174
1730,-2.103212604
1731,0.015222484
1732,-2.852378059
1733,3.963345248
1734,-3.392327901
1735,2.096936184
1736,4.411164573
1737,-8.527608397
1738,4.931138394
1739,-0.427109306
1740,4.465282926
1741,-11.40145343
1742,6.834384722
1743,6.326765007
1744,-5.983461775
1745,-5.716876648
1746,21.26873456
1747,-10.0732214
1748,-6.030033161
1749,11.28401384
1750,-14.98862122
1751,11.98549053
1752,-15.75882949
1753,28.67040905
1754,7.106444397
1755,-30.10160058
1756,-6.937948236
1757,30.24594923
1758,-18.14972361
1759,7.850019303
1760,-8.186405286
1761,10.15779283
1762,8.784999433
1763,-16.84168264
1764,5.792859683
1765,1.944448178
1766,-6.445103383
1767,0.695079757
1768,11.19706357
1769,-11.79534066
1770,-3.355981505
1771,6.369932994
1772,6.568930599
1773,-7.741725257
1774,-0.39788343
1775,10.91813693
1776,-10.89756445
1777,-10.18263314
1778,11.0273112
1779,22.17354575
1780,-15.54583904
1781,-24.64230516
1782,19.76525099
1783,-0.474661111
1784,-2.453450633
1785,-3.953426192
1786,16.38907832
1787,-16.54989543
1788,12.20709683
1789,-14.52628817
1790,3.123159496
1791,10.240247
1792,-6.292885719
1793,8.120816922
1794,-1.657450235
1795,-3.480071202
1796,-10.63029452
1797,19.35259319
1798,2.391369694
1799,-25.39055053
1800,17.15245735
1801,-0.137825959
1802,7.824426714
1803,-11.8072179
1804,3.433228051
1805,6.842881531
1806,-9.064467985
1807,-0.382967054
1808,9.667573298
1809,-6.710884506
1810,-0.463925149
1811,0.025879728
1812,-2.941208645
1813,3.328256228
1814,6.167861291
1815,-11.70017905
1816,-2.304548135
1817,8.636737588
1818,0.09515467
1819,3.90403317
1820,-5.957491602
1821,-4.503969751
1822,2.189158492
1823,15.61218258
1824,-19.34533379
1825,4.536865182
1826,6.286600027
1827,-5.623772946
1828,0.942531156
1829,-3.519113342
1830,11.75391074
1831,2.701561418
1832,-15.63576502
1833,6.789150178
1834,-4.460517868
1835,-0.126343447
1836,14.24874066
1837,-1.822016078
1838,-19.62999339
1839,18.58680931
1840,-14.80098366
1841,19.54823385
1842,-15.37681084
1843,7.873079701
1844,-14.33078207
1845,8.194682487
1846,16.98086683
1847,-17.8415709
1848,8.350067959
1849,0.156977444
1850,-16.272151
1851,12.45707481
1852,12.76023739
1853,-26.0825881
1854,15.40728264
1855,0.208008313
1856,6.638566884
1857,-11.73748498
1858,8.814012148
1859,-8.117311546
1860,2.571915595
1861,-7.194585953
1862,8.82210017
1863,-2.736192338
1864,6.082941436
1865,-9.61633591
1866,-0.325630424
1867,-7.488767088
1868,27.07903437
1869,-11.19064179
1870,-5.86636012
1871,-3.727678784
1872,9.726742284
1873,-5.62736573
1874,2.501467581
1875,3.329733424
1876,-7.94028606
1877,2.314114066
1878,10.34613797
1879,-8.411071612
1880,9.133238399
1881,-17.78502045
1882,14.75908019
1883,-0.356995384
1884,-3.733297145
1885,-6.323354236
1886,5.178083201
1887,2.899598161
1888,-7.331232145
1889,11.12318492
1890,-4.682891531
1891,-17.95751903
1892,13.40598691
1893,4.370656357
1894,-11.850081
1895,9.579647063
1896,0.99150007
1897,-5.257196581
1898,-7.327062273
1899,7.397865939
1900,12.10903477
1901,-15.10474168
1902,-4.564656402
1903,12.87207392
1904,-15.54078762
1905,15.03777425
1906,-12.08814359
1907,10.26591691
1908,-9.544403118
1909,14.95975135
1910,-8.117773097
1911,-14.71412012
1912,29.71257388
1913,-8.578936382
1914,-15.35212447
1915,3.642671383
1916,7.406479823
1917,13.3726106
1918,-14.89913315
1919,-32.99918873
1920,40.5119971
1921,1.489047107
1922,-6.358781875
1923,-18.85011548
1924,16.84199587
1925,-2.008444717
1926,-8.385777747
1927,1.512661654
1928,-4.278880902
1929,10.45912982
1930,-1.565191237
1931,-13.35463869
1932,7.704286449
1933,9.837451926
1934,-15.45029658
1935,-5.560540133
1936,16.33285141
1937,-5.347689088
1938,-8.898934874
1939,4.342624527
1940,6.576063724
1941,3.373507398
1942,-15.32224176
1943,6.444771116
1944,11.77598861
1945,-12.45703445
1946,-2.714621939
1947,6.816003972
1948,15.63643311
1949,-28.83331151
1950,18.51624663
1951,1.453688248
1952,0.700402188
1953,-4.515134292
1954,0.505324573
1955,0.549744807
1956,-3.900461103
1957,-6.104361555
1958,14.66306937
1959,1.800487942
1960,-11.74318918
1961,4.661011842
1962,2.638091599
1963,-0.406951653
1964,-7.004526752
1965,7.25617954
1966,-4.116578123
1967,-5.857620207
1968,12.45500849
1969,-4.645229176
1970,1.771336696
1971,-9.740051405
1972,3.732610715
1973,7.291033278
1974,-14.48153579
1975,17.16856766
1976,-7.157468954
1977,-2.144060834
1978,-2.984517759
1979,6.030411143
1980,0.517015009
1981,-4.064173976
1982,-3.540619356
1983,8.036693643
1984,2.633068382
1985,-9.943231338
1986,-5.425271185
1987,2.363300238
1988,11.69864054
1989,-7.299398774
1990,-1.010854751
1991,3.001344898
1992,-3.559046472
1993,2.439171538
1994,-10.91568783
1995,14.80365394
1996,4.463734788
1997,-18.64532015
1998,2.494121449
1999,14.66968611
2000,-3.054581001
2001,4.972278052
2002,-43.34044918
2003,31.55936514
2004,9.905425627
2005,3.833144364
2006,-22.29481519
2007,-13.44035062
2008,42.63521865
2009,-29.52808624
2010,-3.859474305
2011,23.68671856
2012,-5.445821147
2013,-32.50802166
2014,32.05241797
2015,5.539798892
2016,-12.7408944
2017,-14.44644054
2018,10.38303617
2019,7.541804321
2020,-12.65013843
2021,7.012669266
2022,-3.037699145
2023,0.249472373
2024,10.30355044
2025,-5.236884115
2026,-14.61873677
2027,0.257336881
2028,22.61178223
2029,-5.336855408
2030,-10.4228499
2031,-1.195660302
2032,18.82344162
2033,-17.06600938
2034,7.318954879
2035,13.88491845
2036,-29.30368856
2037,17.05551872
2038,-2.705273432
2039,3.907547465
2040,-6.189134774
2041,-1.847458289
2042,15.15440709
2043,-10.27776941
2044,-2.27243677
2045,14.35177448
2046,-15.55662236
2047,-1.706960649
2048,26.24167579
2049,-14.03034296
2050,-8.772569928
2051,13.1370263
2052,-21.55361213
2053,25.13237378
2054,1.373009916
2055,-17.18315665
2056,3.552488551
2057,5.157157691
2058,17.45541984
2059,-35.47807958
2060,12.65001605
2061,13.35829658
2062,-3.01064118
2063,-12.81951181
2064,0.264700496
2065,7.034940786
2066,9.419781129
2067,-15.93338927
2068,1.878265514
2069,7.034471378
2070,-8.231373987
2071,11.87328506
2072,-5.416223715
2073,-19.79771441
2074,19.30390986
2075,-0.351894513
2076,-5.87108069
2077,10.49305227
2078,-2.004532405
2079,-15.67578119
2080,4.082337512
2081,7.860035217
2082,-1.672821115
2083,-0.375913096
2084,1.96625417
2085,-7.211222448
2086,14.26595776
2087,-20.06495435
2088,12.90144504
2089,5.535722802
2090,-6.594337139
2091,-3.277049971
2092,2.760561049
2093,12.3023544
2094,-16.90419892
2095,-0.407952477
2096,8.998357756
2097,-5.525169394
2098,5.491221051
2099,-2.245328767
2100,2.277405076
2101,-11.80291821
2102,10.51411351
2103,4.704875871
2104,-17.52122671
2105,10.46561688
2106,-0.54575796
2107,0.101467542
2108,-6.948185933
2109,8.152131942
2110,-3.197627328
2111,5.439283713
2112,-11.17594257
2113,22.31953051
2114,-18.31340984
2115,1.399881988
2116,3.567608773
2117,1.893215344
2118,3.020233903
2119,-11.46352182
2120,12.6990396
2121,-10.66349458
2122,-6.724441167
2123,10.17810379
2124,3.302845993
2125,-6.591809045
2126,-2.328702232
2127,13.74100325
2128,-21.35320297
2129,18.19747628
2130,-0.79691858
2131,-8.325784881
2132,3.066637009
2133,7.112616567
2134,-8.687716175
2135,-9.200907144
2136,20.27361811
2137,-13.22089432
2138,3.674363401
2139,-0.753534067
2140,-2.123065629
2141,-3.147935684
2142,8.698854273
2143,2.488774797
2144,-9.589978382
2145,-0.992310404
2146,8.040123056
2147,-6.756020158
2148,3.858304654
2149,-5.619085232
2150,6.866004929
2151,-5.939227065
2152,3.019339499
2153,4.772020469
2154,-7.095331963
2155,-3.074961079
2156,-3.949372686
2157,15.72875571
2158,-10.80034632
2159,3.197375037
2160,-3.903831365
2161,14.57656335
2162,-16.92098675
2163,4.474792326
2164,6.611839973
2165,-2.324129821
2166,-6.562684152
2167,5.915029595
2168,7.435124944
2169,-5.050831968
2170,-5.135889325
2171,-2.95701128
2172,-0.649506563
2173,9.848032592
2174,-5.88354751
2175,-8.289528025
2176,16.26676446
2177,-4.147665489
2178,-8.04855129
2179,0.69649575
2180,5.021685453
2181,2.495176875
2182,-9.286530602
2183,7.6022575
2184,4.513412301
2185,-9.726829361
2186,9.407969946
2187,-7.314835626
2188,1.197142555
2189,2.105052956
2190,3.657648464
2191,-3.971541295
2192,0.809464057
2193,0.614252535
2194,-5.36664847
2195,2.959719317
2196,1.720301628
2197,2.6968392
2198,-1.111377767
2199,3.804594175
2200,-10.38416058
2201,7.405757046
2202,-11.78093639
2203,14.69940573
2204,-1.733364192
2205,-9.612299974
2206,7.595135339
2207,5.307469729
2208,-7.246877803
2209,-3.552528419
2210,0.562362772
2211,10.11674412
2212,-1.997097212
2213,-11.13581223
2214,13.50099338
2215,-6.199399645
2216,1.754269554
2217,3.222107027
2218,-2.662063374
2219,-0.592344328
2220,-1.093583255
2221,-1.392606029
2222,7.517680156
2223,-2.054565694
2224,-1.561472927
2225,-1.910798551
2226,-2.808879346
2227,-14.35139685
2228,4.553700056
2229,75.9801401
2230,-87.31291689
2231,-13.83229787
2232,23.21229448
2233,16.52093814
2234,-9.274317515
2235,-7.182896
2236,2.030200859
2237,4.404561487
2238,4.6734812
2239,-17.91598892
2240,15.90650111
2241,1.254292521
2242,-11.14946269
2243,-0.639396792
2244,12.35993693
2245,-0.83022061
2246,-14.98955433
2247,10.40615078
2248,15.77391916
2249,-24.41205657
2250,2.847996748
2251,18.54412163
2252,-26.3341437
2253,20.60148721
2254,11.33045016
2255,-26.74797407
2256,-0.597715943
2257,23.64165277
2258,-12.21581019
2259,-8.894563906
2260,15.02650523
2261,-15.50781719
2262,17.4909198
2263,-19.88899923
2264,24.50540249
2265,-15.15169194
2266,-14.01443728
2267,17.33260826
2268,-4.458465002
2269,14.791805
2270,-17.53150967
2271,2.818880687
2272,3.72857535
2273,2.450008557
2274,-13.24235431
2275,10.05362996
2276,-4.289521216
2277,1.899339804
2278,10.86262387
2279,-20.19749516
2280,11.83436794
2281,4.455560689
2282,-12.72960215
2283,9.334811973
2284,3.477660265
2285,-5.599052867
2286,-2.648995601
2287,8.225981028
2288,-4.013472209
2289,2.685512571
2290,-4.968472281
2291,-4.879352263
2292,7.905823791
2293,1.592006133
2294,-9.721739628
2295,1.166352411
2296,6.367277714
2297,-6.590226234
2298,4.125692913
2299,-1.037040456
2300,-1.347504093
2301,-0.680495493
2302,1.526126256
2303,-3.04130417
2304,6.718001776
2305,4.24085821
2306,-17.84082608
2307,10.45571108
2308,2.861035546
2309,4.998100564
2310,-19.07121564
2311,14.83384651
2312,-1.026401277
2313,4.647075659
2314,-4.269616003
2315,-6.58091246
2316,4.580066601
2317,3.191696044
2318,-3.329156075
2319,5.389498348
2320,-5.366548118
2321,-4.843218711
2322,5.200943763
2323,2.454011308
2324,-7.277930488
2325,4.623798305
2326,4.506583737
2327,-7.193935382
2328,5.61689431
2329,-1.236113273
2330,-0.65242669
2331,2.712528696
2332,5.008323029
2333,-36.60278349
2334,28.39423451
2335,9.591696471
2336,-13.57299321
2337,12.97545603
2338,-15.49175231
2339,2.07997656
2340,-2.360694181
2341,13.87739915
2342,19.87686297
2343,-48.31545713
2344,12.14040281
2345,-2.553468272
2346,17.79700626
2347,-10.04778966
2348,23.10750862
2349,-29.71296203
2350,-2.080104537
2351,18.46698417
2352,1.059492544
2353,-8.28659729
2354,0.57839394
2355,7.644042665
2356,-4.591294958
2357,4.058494409
2358,-17.49608819
2359,5.435363819
2360,27.94637582
2361,-17.49056533
2362,-6.984159766
2363,-16.28586034
2364,20.91372642
2365,-0.004307506
2366,11.6491454
2367,-17.47706883
2368,-2.284584804
2369,-0.514412153
2370,15.00821784
2371,2.669348023
2372,-25.94734228
2373,6.491342453
2374,20.40351169
2375,-17.81619518
2376,-1.762949109
2377,18.26959278
2378,-21.31582141
2379,14.0450424
2380,-0.847793504
2381,-7.15113144
2382,8.14850709
2383,-9.536640006
2384,3.462000249
2385,6.48483587
2386,4.30543335
2387,-19.39245605
2388,8.603793574
2389,10.93386615
2390,-4.298662063
2391,-3.447524248
2392,2.384764608
2393,-4.419413499
2394,1.889842877
2395,4.905315048
2396,-10.60444999
2397,-13.73107181
2398,21.99171237
2399,2.211122043
2400,-7.033008503
2401,-2.009426854
2402,-6.73113329
2403,18.82468393
2404,-13.79597913
2405,-0.618205536
2406,-2.869654115
2407,21.04383492
2408,-14.46906984
2409,-7.932672264
2410,2.966602781
2411,10.13194951
2412,7.107001089
2413,-20.93607845
2414,9.59407386
2415,0.143016295
2416,9.29426453
2417,-15.03142738
2418,9.319328165
2419,4.470215755
2420,-3.948284218
2421,2.230414332
2422,-9.733394851
2423,6.605830957
2424,-0.030899119
2425,3.710755319
2426,-1.611575966
2427,-12.59730154
2428,16.02705711
2429,-5.170043644
2430,18.29008139
2431,-23.99376405
2432,-2.835016326
2433,15.68816164
2434,-2.736253663
2435,2.507361037
2436,-4.681703237
2437,-2.739628079
2438,3.76282194
2439,-4.891141081
2440,8.153318528
2441,-8.806335708
2442,4.563179701
2443,-0.3817744
2444,0.26712929
2445,-5.301406025
2446,5.191821881
2447,-1.954003725
2448,3.343989185
2449,3.70333159
2450,-6.160662194
2451,-1.86991219
2452,-0.8697902
2453,11.95549425
2454,0.322562993
2455,-14.13256938
2456,7.963155934
2457,5.852044108
2458,-6.273138235
2459,0.559015221
2460,2.527563974
2461,-0.32857881
2462,-3.560395192
2463,-2.447422419
2464,10.34569618
2465,-5.035216393
2466,-8.810106056
2467,11.02376786
2468,3.873200034
2469,-16.35030806
2470,16.44136738
2471,-12.78287438
2472,9.490415836
2473,1.27315497
2474,-1.496160817
2475,-1.230032398
2476,2.468751647
2477,-15.29575231
2478,7.317972882
2479,9.263343615
2480,-7.535150261
2481,4.471869734
2482,-12.02660793
2483,-1.008549712
2484,-2.500015443
2485,23.8248649
2486,-19.80613294
2487,10.35869568
2488,-6.128927796
2489,5.071332534
2490,10.28696032
2491,-14.06991833
2492,-2.084860031
2493,4.6702023
2494,10.2055445
2495,-7.582745747
2496,-15.48660914
2497,42.28460087
2498,-19.29717432
2499,-20.95732764
2500,11.65236659
2501,7.959950985
2502,0.794427941
2503,-8.073965189
2504,-4.751252189
2505,18.00585545
2506,-15.0240477
2507,-2.584984401
2508,12.54577366
2509,1.673258092
2510,-22.16024105
2511,5.441932564
2512,9.277574061
2513,2.821731987
2514,-9.371772367
2515,-0.880073507
2516,4.78288394
2517,2.919350496
2518,-9.116220965
2519,6.08012823
2520,-1.685413199
2521,1.975473904
2522,-3.650644901
2523,6.852498771
2524,-6.187038581
2525,-7.081658986
2526,8.20762836
2527,6.272987247
2528,-7.588220399
2529,-1.406875986
2530,-2.606507936
2531,21.7345907
2532,-17.85983235
2533,-3.309022976
2534,8.55680193
2535,-4.82511147
2536,4.42708327
2537,5.214937083
2538,-13.147207
2539,3.59125172
2540,14.07530086
2541,-18.21269691
2542,-1.815698444
2543,11.1229655
2544,-0.968267017
2545,-3.535069282
2546,3.856012253
2547,9.043552393
2548,-27.76219486
2549,18.22294059
2550,-1.790671389
2551,2.762292619
2552,-2.02574161
2553,-6.213090177
2554,1.85347102
2555,3.770300706
2556,-3.111952977
2557,3.69256597
2558,-9.727925241
2559,11.73499052
2560,-14.23495539
2561,8.367091848
2562,4.386122686
2563,2.6685674
2564,-2.393647586
2565,-7.917379774
2566,1.358677322
2567,-0.294979359
2568,4.975405518
2569,6.052287939
2570,-17.12919063
2571,11.39796665
2572,4.244162395
2573,-6.608000887
2574,-8.768734341
2575,16.46705395
2576,1.295441298
2577,-12.35403515
2578,-3.212414094
2579,10.16105085
2580,9.075174634
2581,-20.01980319
2582,8.919269813
2583,4.071232119
2584,-4.540961136
2585,1.607572889
2586,7.95218826
2587,-3.520345383
2588,-10.2457564
2589,4.839362536
2590,-1.320527243
2591,1.766137206
2592,6.490814975
2593,13.65796433
2594,-30.8098509
2595,15.92012261
2596,-13.88246353
2597,14.75769952
2598,-1.767381325
2599,-2.992391063
2600,7.390011738
2601,-14.72029173
2602,2.927348152
2603,4.588917099
2604,2.847030166
2605,-6.402771247
2606,-3.066067112
2607,0.861025993
2608,10.14023925
2609,-8.516403865
2610,9.092083156
2611,-11.31382921
2612,-3.090166733
2613,6.189376545
2614,3.460474625
2615,-1.998532834
2616,-4.676471037
2617,2.12430069
2618,-7.666275314
2619,8.154224478
2620,2.265198972
2621,-0.443481558
2622,-13.73131828
2623,11.71507773
2624,3.138492699
2625,-11.78573624
2626,6.620782716
2627,-4.122874067
2628,12.05558123
2629,-10.42552844
2630,19.47143212
2631,-16.24401514
2632,-9.693267137
2633,16.78214067
2634,-5.303504973
2635,3.680904114
2636,5.709757797
2637,-8.380811003
2638,-10.84588919
2639,12.96056258
2640,9.588764658
2641,-8.829985897
2642,-7.107430587
2643,0.712161904
2644,7.911481655
2645,-8.056284561
2646,6.249006757
2647,-4.096931666
2648,4.285104175
2649,-4.904502066
2650,-6.23547073
2651,13.72374182
2652,1.956874355
2653,-10.43300147
2654,-4.205572893
2655,5.829612131
2656,14.1984895
2657,-20.17734111
2658,3.9667446
2659,6.940836132
2660,-6.015764252
2661,5.515880083
2662,-14.51151351
2663,6.92892988
2664,0.894085584
2665,0.535695039
2666,2.948932989
2667,-3.274323225
2668,-5.748176229
2669,1.267162888
2670,2.489181519
2671,-0.512123539
2672,0.320544934
2673,3.805064266
2674,-3.393043399
2675,-7.590340564
2676,9.974515432
2677,-1.86263013
2678,-3.929187263
2679,3.032592611
2680,9.013906931
2681,-13.24235388
2682,-8.387875646
2683,18.36996979
2684,-18.27216882
2685,20.27481082
2686,-8.052517743
2687,-4.504158021
2688,3.215983086
2689,8.973592199
2690,-3.990319546
2691,-7.658698781
2692,1.025141269
2693,2.423148313
2694,5.952138678
2695,-5.538002601
2696,-0.286372366
2697,1.596342
2698,-5.885639813
2699,-0.321312337
2700,10.24783358
2701,1.824601486
2702,-14.00137332
2703,8.177040997
2704,-5.427059388
2705,-0.849405703
2706,-1.104970412
2707,17.38319922
2708,-12.57080228
2709,-9.124937681
2710,10.52082613
2711,-0.617733663
2712,3.34622652
2713,-7.859750595
2714,-1.754036565
2715,12.81410977
2716,-12.57989172
2717,10.76967848
2718,-11.91972278
2719,0.557582674
2720,-2.042999411
2721,4.638564231
2722,-4.229547687
2723,14.22235214
2724,-9.331361858
2725,-10.04585047
2726,8.890338474
2727,0.971258963
2728,3.062301969
2729,4.577244562
2730,-11.89069275
2731,5.132263594
2732,3.011161698
2733,2.564924093
2734,-12.18506722
2735,9.109073199
2736,-6.419236596
2737,6.149967006
2738,-0.039471771
2739,5.357709215
2740,2.870430426
2741,-19.98886722
2742,1.862145665
2743,7.390208631
2744,28.925413
2745,-24.06200876
2746,-27.96670023
2747,29.6228919
2748,0.791177016
2749,-7.255151995
2750,-0.538060159
2751,2.210305788
2752,-0.009116813
2753,7.45521507
2754,-5.839325792
2755,-8.759503718
2756,11.6824122
2757,-2.464220377
2758,-0.847188317
2759,-3.20197514
2760,8.837431545
2761,-2.575346792
2762,3.285856203
2763,-10.09304706
2764,-1.802522918
2765,8.553900039
2766,4.315165274
2767,-10.12869063
2768,2.426167871
2769,0.010911961
2770,1.045372377
2771,2.132220015
2772,11.75831699
2773,-17.23828111
2774,-4.602746929
2775,-6.390690584
2776,6.429249993
2777,24.58889
2778,-11.65773334
2779,-15.90472271
2780,-4.411044441
2781,27.23075495
2782,-14.20947191
2783,-5.59148117
2784,6.394921654
2785,-3.938410562
2786,5.635068981
2787,-16.98526153
2788,10.1048876
2789,2.297057389
2790,12.29271489
2791,-19.77683154
2792,5.50874918
2793,8.800198324
2794,-10.21008328
2795,9.744117685
2796,-1.936749559
2797,-11.02785311
2798,6.845763249
2799,1.762054182
2800,0.775367996
2801,-2.509542263
2802,9.799848163
2803,-12.69378378
2804,-16.8508862
2805,31.94141521
2806,-12.98442529
2807,-7.136382774
2808,6.459041058
2809,7.955743835
2810,-5.563400439
2811,-6.818253729
2812,0.74653798
2813,4.008132599
2814,0.414745547
2815,-2.907406822
2816,3.318876886
2817,-5.68365922
2818,-4.498341316
2819,16.02312699
2820,-8.686669658
2821,-10.80624432
2822,16.86120275
2823,-4.366156921
2824,-1.299432554
2825,-6.398733726
2826,5.441514642
2827,2.923000436
2828,-4.342582627
2829,-5.229430808
2830,9.397688817
2831,-0.015710393
2832,2.493383853
2833,-6.969539502
2834,2.095916223
2835,-8.410517501
2836,6.381687452
2837,3.72503645
2838,-1.321160168
2839,-3.048981664
2840,5.38795281
2841,-16.94133458
2842,8.826601415
2843,2.587596493
2844,0.83165892
2845,-8.132681783
2846,5.411404063
2847,1.300459699
2848,-5.414735515
2849,0.024250685
2850,2.053537506
2851,0.259791115
2852,2.012250033
2853,-5.493982406
2854,2.927557518
2855,8.973555317
2856,-13.77347929
2857,11.3004449
2858,-7.526169186
2859,3.074321729
2860,3.293781519
2861,1.733709351
2862,-5.145227064
2863,-11.60254701
2864,11.95634365
2865,3.475403396
2866,-6.379125872
2867,-2.223116176
2868,6.260788784
2869,-10.9027343
2870,19.70212898
2871,-1.024465055
2872,-18.04053845
2873,6.620137636
2874,1.296710418
2875,-0.625562103
2876,6.001200161
2877,-4.024637617
2878,-2.775366623
2879,-0.231932145
2880,-0.120804325
2881,1.785801503
2882,6.846409871
2883,-18.0887584
2884,10.84761094
2885,-7.761250602
2886,9.657116968
2887,-4.779951611
2888,5.610287227
2889,-4.141666462
2890,-1.892099429
2891,-2.525946319
2892,21.04744772
2893,-29.10137678
2894,6.649168558
2895,13.85457807
2896,3.089276708
2897,-23.62632023
2898,6.406329225
2899,22.39723943
2900,-29.32401351
2901,14.68127485
2902,3.894945534
2903,-0.6507791
2904,6.734876046
2905,-23.44579178
2906,20.62886043
2907,-2.759024154
2908,-2.990269995
2909,7.508334698
2910,-10.93591805
2911,14.16863741
2912,-19.60798491
2913,11.93621445
2914,-1.553620334
2915,4.967812677
2916,8.435503178
2917,-28.15384501
2918,19.0566208
2919,-4.051240587
2920,16.7240425
2921,-20.8774238
2922,6.980802006
2923,4.010264651
2924,2.687524727
2925,-9.66135316
2926,5.265675048
2927,-0.711491184
2928,-2.822448991
2929,2.998767267
2930,-5.175395824
2931,-0.044627354
2932,18.35749574
2933,-17.34838092
2934,-5.861790439
2935,18.63231377
2936,-10.33752399
2937,-5.779488309
2938,8.608669759
2939,3.752377178
2940,-7.743195043
2941,-1.769227857
2942,6.557312015
2943,-5.580755213
2944,3.549684225
2945,-1.437264219
2946,2.937194223
2947,-2.668922929
2948,6.833658847
2949,-11.37779924
2950,-9.114179788
2951,22.20266539
2952,-7.285589905
2953,-4.380640128
2954,-8.888732169
2955,-2.598837808
2956,24.40044125
2957,-12.81079869
2958,-4.990343229
2959,9.500863708
2960,2.588888023
2961,-6.832043365
2962,-0.97698061
2963,0.985027073
2964,5.051228761
2965,-4.744770786
2966,0.209172253
2967,-0.305065935
2968,-1.697745915
2969,16.08375591
2970,-22.25129585
2971,2.898668457
2972,8.240533125
2973,-0.971119896
2974,4.948288024
2975,-0.538536212
2976,-3.706144586
2977,-6.398229047
2978,10.44502601
2979,-0.891105055
2980,-2.725907475
2981,-3.614576853
2982,17.55855155
2983,-18.09368175
2984,9.005614549
2985,-5.889034575
2986,4.26729448
2987,-3.321537158
2988,6.608514215
2989,-9.96345172
2990,11.40808928
2991,0.713648485
2992,-12.33361429
2993,3.351696108
2994,3.512145967
2995,2.812024469
2996,-6.860443764
2997,3.556466254
2998,-4.559149075
2999,1.970851229
3000,13.01450358
