,0,0,0,0,0,0,0,0,0,0,0,0,pre_sum,Original_true
0,13.093324,-5.4563255,32.29681,6.1910686,-43.13258,15.0121765,-54.280006,6.5664062,3630.5532,1.6315432,3.2382193,-3.6507564,3602.0632,3628.5098797582395
1,22.992428,-9.902857,27.519114,9.247718,-40.03036,14.9867735,-52.511707,7.225897,3632.5955,3.1710606,-2.3976583,2.520245,3615.4163,3623.1100462894983
2,9.747719,-12.104235,21.277315,12.055288,-36.88665,14.946677,-50.73783,7.885137,3634.6362,0.10729823,-2.0909321,1.3213384,3600.1572,3619.090111556164
3,-11.551213,-14.041949,14.549195,14.53174,-33.722824,14.892865,-48.95852,8.544113,3636.6758,-3.0534039,2.3257723,-1.6524755,3578.5388,3585.2200700050457
4,-19.421612,-15.587133,8.251404,16.608644,-30.5598,14.826371,-47.17398,9.202784,3638.714,-2.513935,1.3916229,0.2403868,3573.979,3581.230075639934
5,-10.095815,-15.514899,2.8010254,18.233833,-27.417643,14.748112,-45.38436,9.861147,3640.7512,1.4789419,-2.26445,0.7229467,3587.9202,3589.8101926331956
6,7.4751744,-13.253534,-1.7845886,19.37076,-24.31519,14.658984,-43.589832,10.519205,3642.787,3.8296301,-0.45777455,0.46745777,3615.7075,3642.31018801091
7,16.358755,-8.945571,-4.3709717,20.003004,-21.269464,14.559886,-41.771732,11.1768875,3644.8215,0.5600409,2.8404248,0.29444876,3634.257,3635.500075139007
8,2.562963,-2.8862975,-4.693756,20.13483,-18.295456,14.451676,-39.91129,11.834236,3646.855,-3.1114528,0.26502964,-1.2957932,3625.9097,3644.3100284883258
9,-8.037417,2.5725276,-3.6338315,19.787205,-15.40587,14.3351555,-38.046303,12.491154,3648.887,-2.5470808,-2.7485695,0.88449925,3628.5383,3634.180057140044
10,-5.255922,6.227658,-1.9878118,18.991991,-12.421101,14.211142,-36.17699,13.14771,3650.9177,1.6824583,-0.06667464,1.9762074,3651.2463,3678.4499736529747
11,1.7284628,8.4956255,0.26815617,17.78614,-9.258755,14.080397,-34.303448,13.803834,3652.9468,3.2824373,2.9076195,-2.4489727,3669.2883,3670.9600383026195
12,0.8837843,9.672815,2.5639918,16.213717,-5.7474504,13.943721,-32.42589,14.459514,3654.9746,-0.20035377,0.27466318,-0.3088209,3674.3042,3682.7301254101203
13,-0.06574573,9.817007,4.5271006,14.3290825,-2.4608257,13.801854,-30.544437,15.114761,3657.0015,-2.7744792,-2.5789473,4.0066056,3680.1736,3699.1999697294073
14,3.2451744,8.298285,5.7980604,12.191612,0.2245623,13.6555395,-28.65928,15.769524,3659.0266,-1.6852835,-0.21084192,-2.6754692,3684.9783,3697.410152129078
15,8.018916,4.7373943,6.12778,9.861175,2.695518,13.505459,-26.669025,16.423811,3661.0505,1.7016333,3.0032613,-1.9800527,3698.4763,3708.450222611402
16,8.432974,-0.29703027,5.486834,7.3968353,5.1121826,13.352296,-24.645252,17.077572,3663.073,2.263007,0.47834274,5.2226734,3702.9534,3712.390022829789
17,-4.399125,-5.9845853,4.0129986,4.855609,7.4412727,13.196693,-22.603573,17.730803,3665.0938,-0.5461699,-2.7018242,-2.0023172,3674.0935,3678.4900409104484
18,-14.005445,-9.8364105,1.8668721,2.292723,9.630691,13.039179,-20.547155,18.38352,3667.1133,-2.300976,-0.6165066,-3.4480658,3661.5718,3665.909802662823
19,-7.9796243,-9.803587,-0.7514834,-0.41086003,11.681417,12.880318,-18.436148,19.035652,3669.1313,-1.360356,3.212421,5.457987,3682.657,3697.6100481169133
20,3.738387,-5.997555,-3.7600627,-3.4329867,13.594574,12.720677,-16.233244,19.68723,3671.1482,1.4217217,0.92825824,-0.64318925,3693.1719,3695.290109879242
21,8.822016,-0.35325232,-6.9213448,-6.333377,15.371512,12.560723,-13.97571,20.338192,3673.1628,1.7311299,-2.9457424,-4.266963,3697.1902,3711.2703411181933
22,9.849974,3.5546823,-8.853944,-9.023276,17.013636,12.400985,-11.715178,20.988544,3675.1768,-0.6507567,-1.0154577,4.7348576,3712.461,3725.1204032180563
23,9.007776,4.212802,-10.516451,-10.895818,18.522644,12.241929,-9.204187,21.63823,3677.189,-1.8912151,3.7594428,1.123937,3715.1882,3726.7001979412985
24,0.07814213,1.6781893,-11.653563,-12.380936,19.900478,12.084024,-6.7382092,22.287302,3679.1995,-0.9028426,1.3118303,-4.7986455,3700.0652,3702.8998067024854
25,-9.732695,-2.2836828,-12.191532,-13.558022,21.14933,11.927661,-4.9504447,22.935692,3681.208,1.0655771,-3.684628,2.7788172,3694.6643,3698.2599302271433
26,-8.619874,-5.231745,-12.112743,-14.433994,22.271395,11.773289,-3.4886706,23.583403,3683.2153,0.78030634,-1.8818259,3.368945,3699.2236,3711.2399604504385
27,-2.7772374,-5.4636707,-11.3953905,-15.026705,23.268866,11.621296,-1.8903627,24.230402,3685.2212,-1.1078323,4.351672,-4.605694,3706.4263,3703.8200327257787
28,4.3011713,-3.4089742,-10.030979,-15.33102,24.143913,11.472034,-0.20307274,24.876665,3687.2253,-1.4678442,2.7801325,0.4919424,3724.8494,3740.5101927836886
29,10.916141,-0.7851315,-8.022738,-15.3512745,24.89871,11.325914,1.5990573,25.522203,3689.2278,0.23156314,-4.0019965,4.794665,3740.3547,3756.1201321156586
30,9.52313,0.43481937,-5.474594,-15.102001,25.535425,11.183346,3.248123,26.166992,3691.2285,1.3807632,-2.9656427,-3.7309294,3741.428,3744.63007551094
31,0.3831136,-0.23045099,-3.1693866,-14.604912,26.056347,11.044699,5.0358458,26.811003,3693.228,-0.2040103,4.730711,-1.2667955,3747.814,3760.1999475854363
32,-5.537028,-1.9933832,-0.22108923,-13.886923,26.463573,10.910305,6.8245683,27.454205,3695.2256,-1.647816,3.7858677,4.6764073,3752.0544,3769.9900076944923
33,-9.909563,-2.900773,3.1661003,-12.978841,26.758883,10.780575,8.614248,28.096601,3697.2214,-0.9934713,-4.544526,-2.0053575,3741.3054,3737.830089528288
34,-6.992859,-1.2789901,6.54098,-11.878509,26.943556,10.655801,10.447274,28.738161,3699.2156,0.8709024,-4.033764,-1.8215275,3757.4067,3783.040045543483
35,6.156821,1.9371098,9.592629,-10.58524,27.018759,10.536372,12.332016,29.37886,3701.2078,1.0497055,5.155357,2.9812446,3796.7615,3811.550320883334
36,15.518272,4.811995,12.105989,-9.179832,26.985569,10.422641,14.21734,30.018724,3703.1985,-0.7994805,5.143259,0.02430856,3812.4673,3826.6900203144055
37,7.6737795,4.9255557,13.914682,-7.644415,26.845337,10.314919,16.103123,30.657671,3705.1873,-1.7176883,-4.793049,-1.1545364,3800.3127,3817.8602534861166
38,-2.4927464,1.4069548,14.893312,-5.8164964,26.599394,10.213578,17.98928,31.295727,3707.1746,-0.13451791,-5.091711,0.26272225,3796.3,3810.780237000683
39,0.4441759,-4.422549,14.973299,-3.9454737,26.249165,10.11889,19.875687,31.932865,3709.16,1.5216181,5.0580106,0.98077375,3811.9465,3820.9599621961574
40,0.26917338,-9.631745,14.107156,-2.2716994,25.795979,10.031206,21.76226,32.569057,3711.1436,0.089378916,5.8020697,0.6374502,3810.3037,3823.599998194084
41,-8.102738,-10.8635845,12.249321,-0.8129124,25.24119,9.9508,23.524042,33.204304,3713.125,-1.9606907,-4.610623,-1.5288823,3789.4153,3788.7300364042576
42,-8.745821,-7.1361437,9.423774,0.5660104,24.586224,9.877984,25.271791,33.83855,3715.105,-1.431788,-5.441085,0.30616504,3796.2205,3804.530185134344
43,1.2318649,1.1921165,5.7484174,2.1255622,23.832733,9.813109,27.04311,34.47182,3717.0835,1.6708742,4.8712025,2.6185336,3831.703,3859.7499107254
44,11.743755,11.069577,1.1991345,3.704659,22.982706,9.756468,29.0663,35.10409,3719.0598,2.2383657,6.2316623,-1.9879913,3850.1685,3861.449907221063
45,7.296841,19.086393,-4.975824,5.299955,22.038475,9.708431,31.089033,35.735302,3721.034,-1.2989267,-4.173938,-1.0960902,3839.7437,3852.3101695217697
46,2.294686,20.689562,-10.293203,6.913317,21.002703,9.669351,33.111267,36.365486,3723.0066,-2.8331401,-5.699032,3.6558597,3837.8833,3859.229916977309
47,9.237102,14.597337,-14.499942,8.545568,19.878304,9.639654,35.13279,36.9946,3724.9768,-0.35436812,3.9498553,-1.5826801,3846.5151,3870.9000560908926
48,10.0786495,2.0801954,-18.026619,10.194284,18.668617,9.619675,37.153526,37.622627,3726.9456,3.0486205,6.156099,-2.0582268,3841.483,3836.830118551939
49,-3.5597253,-12.968761,-20.73725,11.849181,17.377285,9.609841,39.173386,38.249554,3728.912,1.35755,-3.0639791,4.0129437,3810.2122,3830.499932170653
50,-16.15761,-22.702082,-22.310316,13.490096,16.008415,9.610602,41.192245,38.875385,3730.877,-2.3940182,-5.5306697,-1.2653978,3779.6936,3778.050130939663
51,-15.580061,-25.670233,-22.411655,15.087691,14.566394,9.622367,43.209896,39.500046,3732.8398,-2.644742,2.5361764,-2.6602383,3788.3955,3784.3199962849726
52,-1.621111,-23.17037,-20.748564,16.605955,13.055961,9.645586,45.22634,40.123566,3734.8008,0.8358038,5.664269,4.1774955,3824.5957,3843.0902973075295
53,13.749297,-16.71307,-17.197142,18.005327,11.4823675,9.680725,47.241413,40.745907,3736.7595,3.3571665,-1.9639353,-0.9625606,3844.185,3847.5100240165334
54,11.270714,-6.985098,-11.877896,19.245113,9.8515415,9.728274,49.255028,41.36706,3738.7163,0.18820888,-4.6048727,-2.4185257,3853.7358,3872.419970077691
55,1.2284412,4.684481,-5.3379884,20.283987,8.170207,9.788759,51.26706,41.987007,3740.6707,-2.9164524,1.7731882,3.8921566,3875.4915,3894.559991778782
56,2.5545852,13.347164,0.6916193,21.07838,6.4458556,9.862648,53.277424,42.60573,3742.6233,-1.6814822,4.972884,-1.3012186,3894.477,3915.7701008668614
57,1.7350087,16.735947,8.371814,21.58518,4.6867023,9.950507,55.286,43.223198,3744.5742,2.322807,-1.871059,-2.2704103,3904.3298,3918.350256128344
58,-2.6963673,15.609036,15.541513,21.762627,2.9322174,10.052805,57.2927,43.839417,3746.5227,2.1836383,-4.202694,4.4338884,3913.2715,3931.500241971252
59,-2.4262044,12.224045,21.013433,21.570377,1.2404728,10.170126,59.297447,44.454357,3748.4692,-1.8159014,1.8730346,-1.6932108,3914.3772,3925.989893319809
60,0.6930776,8.019562,24.377926,20.974905,-0.493799,10.302998,61.30011,45.067986,3750.4136,-2.7036364,4.4693766,-3.14932,3919.2727,3937.2303000895004
61,4.3022685,3.8096688,25.559917,19.952621,-2.2894106,10.451986,63.300568,45.68034,3752.3557,0.49736768,-1.8799691,5.7889953,3927.5303,3950.430039779601
62,5.4742,-0.08417941,24.698383,18.49098,-4.2070246,10.617637,65.29881,46.291298,3754.296,3.279323,-3.570959,-1.4125717,3919.1716,3933.6101573318365
63,1.5526797,-3.4038312,22.031973,16.593124,-6.3799644,10.800496,67.29465,46.90095,3756.2334,0.42434266,2.233755,-4.7782383,3909.5032,3921.980085475727
64,-1.2409806,-5.257735,17.885614,14.281984,-8.4403305,11.001091,69.28811,47.509243,3758.1692,-2.9423294,3.4933887,6.501855,3910.2493,3930.4100603283455
65,-4.8865147,-4.8406696,12.663886,11.595401,-10.19673,11.21993,71.27899,48.116142,3760.1025,-2.1748602,-2.4237278,0.44865847,3890.903,3902.9199590057056
66,-5.9398413,-2.236855,6.8412337,8.580717,-11.791003,11.457519,73.26729,48.721622,3762.0337,2.2241127,-2.5593925,-6.290525,3884.3086,3895.979957771663
67,1.91352,1.2667685,0.3024816,5.2916193,-13.295461,11.714306,75.25292,49.325684,3763.9626,3.4999368,3.21359,5.056885,3907.505,3928.650183096239
68,8.4248905,3.8543658,-7.2893023,1.7658851,-14.60242,11.990703,77.2358,49.928326,3765.89,-0.88101643,2.1427977,3.4101827,3901.87,3925.019913449323
69,0.10325179,4.0668993,-11.932037,-2.7639227,-15.777643,12.287078,79.21581,50.52949,3767.814,-3.949244,-3.270261,-6.718572,3869.605,3861.0800556136146
70,-1.1669462,1.1259675,-14.9992,-7.7048984,-16.824865,12.603805,81.192955,51.12919,3769.736,-1.6342152,-1.290962,1.5557865,3873.7227,3914.500277014623
71,10.905043,-4.858946,-16.874441,-11.917436,-17.763752,12.941233,83.167175,51.727406,3771.6562,3.8558922,3.8144927,5.990714,3892.6436,3906.41021340123
72,8.682842,-12.235186,-17.492062,-15.316484,-18.584124,13.299537,85.13832,52.324097,3773.5737,3.3991797,0.6340458,-5.0238037,3868.4,3874.4700047018314
73,-10.222066,-17.473625,-16.678139,-18.628843,-19.276506,13.678992,87.10638,52.919254,3775.4893,-2.469547,-3.5996773,-1.7059083,3839.14,3843.670171792064
74,-15.109857,-19.579775,-14.306438,-21.878881,-19.832335,14.079675,89.07127,53.512882,3777.4026,-4.371061,0.21716648,5.937204,3845.1426,3851.6902277797617
75,-6.0414314,-17.60178,-10.406428,-25.00749,-20.244183,14.501762,91.03297,54.104954,3779.313,0.17822878,3.7255244,-2.0462744,3861.5088,3881.0599678073963
76,5.7554293,-11.43375,-5.310361,-27.951878,-20.505636,14.945155,92.99141,54.695442,3781.2214,4.6578946,-1.0586609,-2.8683114,3885.1382,3903.7600505140517
77,8.281621,-0.17786576,-0.57961947,-30.649466,-20.611475,15.409914,94.94648,55.28434,3783.1274,1.8724988,-2.6703837,3.6910775,3907.9246,3917.350335889636
78,5.01806,12.403488,5.1621556,-33.03931,-20.558071,15.895823,96.89817,55.8716,3785.0308,-3.1420763,2.162898,0.21457532,3921.918,3960.2702940353815
79,-0.26391807,22.656738,10.266369,-35.06275,-20.343557,16.402685,98.84646,56.457245,3786.9314,-3.2139208,2.2350771,-2.4890263,3932.4229,3944.990139053386
80,-3.106623,26.950031,13.533217,-36.666157,-19.96798,16.930191,100.791245,57.04122,3788.8306,1.2322923,-2.9377954,1.769299,3944.3994,3970.080167623408
81,3.4865487,25.905693,14.512433,-37.799553,-19.433357,17.477951,102.73248,57.623554,3790.7268,3.6625533,-1.7959075,0.8437252,3957.943,3981.0401035907844
82,8.311066,20.549313,13.109699,-38.420433,-18.743681,18.045456,104.67019,58.204193,3792.62,0.3702097,4.4351406,-1.4571675,3961.6938,3983.870348986827
83,2.2395127,11.473068,9.562328,-38.495964,-17.904976,18.63214,106.60432,58.783108,3794.5112,-2.970972,1.3126036,1.3869256,3945.1333,3969.6200546117616
84,-7.6647067,1.0833912,4.393127,-38.00332,-16.925127,19.23736,108.53478,59.36032,3796.4,-1.9916623,-4.6230273,-0.023224315,3919.7778,3930.1203432358448
85,-5.098903,-8.494334,-2.6662996,-36.929657,-15.813822,19.860353,110.461494,59.935787,3798.2864,2.124866,-1.0331081,-1.0677023,3919.565,3955.310319799784
86,3.4542284,-14.869693,-10.004869,-35.272053,-14.555202,20.500362,112.384544,60.509525,3800.17,2.4820302,5.625386,2.0711186,3932.495,3949.129835259608
87,1.562603,-17.162718,-14.900568,-33.038303,-13.135996,21.156487,114.30389,61.081455,3802.0513,-1.5006166,0.73103434,-0.21997294,3920.9285,3942.080199441929
88,-4.0773444,-17.02267,-18.445168,-30.24997,-11.484327,21.82783,116.2194,61.651577,3803.9302,-2.729731,-5.26971,-1.723398,3912.6267,3919.539945465635
89,0.6700933,-15.477645,-20.718067,-26.944498,-9.723938,22.513416,118.1312,62.219948,3805.806,0.4571727,-0.40115678,2.2959266,3938.8284,3978.1900447157714
90,8.925352,-12.988533,-21.566143,-23.175549,-7.719379,23.21229,120.0391,62.786427,3807.6794,3.1644607,6.014129,0.46963915,3966.8416,3981.830000952406
91,0.5682017,-9.485525,-20.874557,-19.013927,-5.3781514,23.923378,121.94316,63.351093,3809.5498,-0.035115357,0.15306078,-2.2960382,3962.4053,3968.010319520297
92,-10.377647,-4.455096,-18.5785,-14.550136,-3.1174037,24.645588,123.84331,63.9139,3811.418,-3.2252612,-5.5312133,1.604876,3965.5903,3994.410239200031
93,-5.983051,1.3117727,-14.762709,-9.669068,-1.1899399,25.377825,125.739624,64.474815,3813.2834,-1.567708,-0.4271095,1.1402673,3997.7285,4020.6300763709
94,9.630772,6.1426587,-9.747143,-4.30628,0.71306294,26.118961,127.63194,65.03384,3815.1465,3.0558934,6.3893633,-1.362572,4044.447,4083.4198718272582
95,15.605186,9.403138,-4.4676957,0.675788,2.5482838,26.867802,129.52036,65.59094,3817.0068,2.6526744,0.6418215,0.47191715,4066.517,4086.2303037443303
96,-1.8297206,9.562871,0.4998424,5.6513577,4.400777,27.62318,131.40468,66.146126,3818.864,-1.9937133,-5.2763925,0.7900991,4055.8433,4083.130154734757
97,-9.886209,7.047621,6.126067,10.788238,6.2727365,28.383944,133.28513,66.699356,3820.7188,-3.4887245,-1.2833586,-0.20221923,4064.4612,4098.190159950414
98,-3.551877,3.9980352,10.962932,15.695686,8.084617,29.148884,135.16145,67.250595,3822.5713,0.11536134,5.571207,-0.005683162,4095.0027,4129.480046240051
99,2.5583336,2.0461836,14.348214,20.312052,9.821432,29.916847,137.0337,67.799904,3824.4204,3.8060904,1.6334721,0.28186724,4113.978,4131.759917220248
100,0.48872256,1.5343559,16.235332,24.580791,11.46876,30.686644,138.90192,68.34716,3826.2668,1.221373,-4.4460883,0.45943007,4115.745,4147.999925183478
101,-2.4832597,1.8236618,16.790932,28.444809,13.012803,31.457085,140.76596,68.89241,3828.1108,-2.9408686,-1.9613397,-0.059352223,4121.8535,4151.690075566838
102,2.044115,1.9647394,16.282497,31.843725,14.440446,32.22704,142.62585,69.43563,3829.9517,-2.6566424,4.6828585,-0.07165465,4142.77,4173.490186028703
103,9.290133,0.9307065,14.999937,34.71605,15.739318,32.995274,144.48157,69.97677,3831.7903,1.8424965,2.5972354,0.7670895,4160.1265,4191.309988715175
104,7.53449,-1.8614744,13.22972,37.000744,16.897818,33.760624,146.33304,70.51585,3833.6255,3.9674194,-3.7001016,-0.2307338,4157.0723,4180.810165759444
105,-5.6967473,-5.855637,11.266611,38.6402,17.90516,34.521973,148.18022,71.052864,3835.458,-0.51624465,-2.961497,-0.17748341,4141.818,4159.1804512167255
106,-9.286715,-8.897278,9.390284,39.58989,18.751781,35.27811,150.02316,71.58774,3837.2878,-4.2286215,3.5117178,1.0764021,4144.084,4175.020226904752
107,-2.1519728,-9.4871435,7.7929745,39.827576,19.429132,36.02785,151.86177,72.1205,3839.1147,-2.014626,3.9149926,-0.31496355,4156.121,4179.5698419758955
108,3.6999614,-7.6954546,6.551215,39.35114,19.930073,36.77002,153.69595,72.651115,3840.9385,3.8614757,-2.3560507,-0.16528618,4167.2324,4194.170174479439
109,2.8575165,-4.619049,5.692578,38.176044,20.24898,37.503468,155.52577,73.179596,3842.7595,4.2149935,-3.8032548,1.154925,4172.8906,4194.18998795841
110,-0.5708294,-1.5438936,5.204307,36.339638,20.382162,38.226963,157.35118,73.70588,3844.5776,-1.896051,1.7520434,-0.7075462,4172.8213,4193.350336749596
111,1.9184662,0.25659508,4.989512,33.8985,20.327965,38.9394,159.17204,74.22996,3846.3933,-5.4698515,4.3316298,-0.075285256,4178.9126,4201.529781168122
112,6.8492336,0.6465946,4.9005585,30.923725,20.086855,39.639637,160.98842,74.75184,3848.205,-1.5195546,-0.9357551,1.7380255,4186.275,4218.779836259311
113,3.823686,0.2757421,4.762268,27.502472,19.661327,40.32661,162.80013,75.2715,3850.0146,5.351263,-3.6288414,-0.912739,4185.248,4198.100288108108
114,-4.2671895,0.14548275,4.3744254,23.733223,19.055376,40.99928,164.60725,75.78888,3851.821,4.753202,0.52687705,-0.681842,4180.8564,4209.390448724991
115,-9.344944,1.5363843,3.5361187,19.715963,18.274553,41.656693,166.40964,76.304,3853.6243,-2.6456487,3.6757078,1.9163828,4174.6597,4179.040161638086
116,-8.634288,4.8874154,2.0779214,15.547722,17.325703,42.29791,168.20735,76.81684,3855.4248,-6.89992,-0.25148493,-0.29951358,4166.5005,4187.720226625265
117,0.62615716,9.141523,-0.10835141,11.318668,16.216825,42.922077,170.00024,77.32743,3857.2222,-1.564352,-3.1930737,-1.0461011,4178.864,4202.700097325976
118,16.358763,11.792084,-3.0223234,7.107168,14.956769,43.528328,171.78821,77.835655,3859.0168,6.820034,0.64839274,1.7619133,4208.5913,4238.0402990167
119,22.528969,10.447713,-6.855702,2.9749575,13.555011,44.11591,173.57127,78.341545,3860.8071,6.1029735,3.8742561,0.36217222,4209.826,4236.39005636823
120,-2.7778015,4.6285152,-9.723206,-1.8868108,12.021774,44.683983,175.34933,78.8451,3862.5955,-2.9802842,-0.32200187,-1.830122,4158.604,4162.040196681457
121,-26.19873,-3.4361017,-12.504875,-6.699634,10.368029,45.23182,177.12236,79.34628,3864.3806,-8.852162,-3.708514,1.3574018,4116.4067,4134.730177867682
122,-22.451862,-11.572461,-14.728606,-10.874538,8.6057005,45.7587,178.89018,79.84508,3866.1628,-2.1697288,-0.4427387,1.0909417,4118.1133,4131.580275010916
123,2.55508,-15.254944,-16.269714,-13.78894,6.7475123,46.263924,180.65279,80.34145,3867.942,7.4982557,4.203816,-1.7410679,4149.1494,4183.130103997116
124,21.25768,-15.371824,-16.92567,-16.25527,4.806814,46.74683,182.41008,80.835434,3869.7173,7.0512757,1.35756,1.2474701,4166.8774,4171.920077895179
125,9.311125,-13.175901,-16.528624,-18.423782,2.8361232,47.206863,184.16199,81.326965,3871.4897,-2.7670572,-2.8434358,1.3572559,4143.9517,4169.150153535113
126,-13.664177,-9.67615,-14.983673,-20.257092,0.8967554,47.64341,185.9084,81.816055,3873.259,-8.983031,-1.7839639,-2.4228842,4117.7524,4116.93018866018
127,-14.90513,-4.5928745,-12.313572,-21.730722,-1.1501203,48.055878,187.6492,82.302666,3875.0254,-2.2334852,2.2908006,0.82662416,4139.225,4172.799796361466
128,0.38336092,1.3591845,-8.666233,-22.83521,-3.2554414,48.44382,189.3843,82.78677,3876.788,6.8597703,1.7226294,2.444305,4175.4155,4188.720146863973
129,11.346112,6.248239,-4.6217914,-23.577703,-5.819644,48.80669,191.11363,83.2684,3878.5479,6.3668447,-0.8554157,-2.3311431,4188.4917,4209.52033708713
130,7.8302107,9.523901,-0.73900646,-23.982271,-8.392225,49.14404,192.83704,83.74747,3880.3044,-2.553508,-1.1876956,-0.040668853,4186.4917,4213.420070048044
131,-3.994094,9.853898,3.8216257,-24.083723,-10.562668,49.45542,194.55443,84.22398,3882.0576,-7.130266,0.43663082,2.6625645,4181.2954,4202.609835921778
132,-8.08455,7.3149214,8.187446,-23.92227,-12.579632,49.740345,196.26561,84.69796,3883.8076,-1.7985228,0.86126137,-1.6126224,4182.8774,4213.38000279057
133,-0.8630644,3.1345842,11.682193,-23.543951,-14.415297,49.998417,197.97052,85.16936,3885.5544,5.462511,0.060314517,-1.0837857,4199.126,4218.359790505138
134,6.1946435,-1.4036151,14.124075,-22.999086,-16.056192,50.229275,199.66893,85.63819,3887.2979,4.6060925,-0.47691604,2.7427301,4209.5654,4234.120312277284
135,3.8796473,-5.7973046,15.498512,-22.338634,-17.569136,50.432526,201.3608,86.10435,3889.038,-2.3453708,-0.7223075,-0.44715127,4197.094,4217.370437455215
136,-4.194098,-8.556857,15.870286,-21.60915,-18.976694,50.607834,203.04591,86.567924,3890.775,-5.2968664,0.5515419,-1.7720376,4187.013,4204.39040723192
137,-3.8682015,-8.965568,15.323961,-20.847595,-20.264572,50.754967,204.72404,87.02886,3892.5083,-1.1406364,1.6379433,2.179178,4199.071,4233.450176388551
138,3.1988347,-7.007001,13.959006,-20.077827,-21.419325,50.873615,206.3951,87.48715,3894.2383,4.537101,-0.21147083,0.39944234,4212.373,4232.339740967142
139,3.4003613,-3.2854967,11.853499,-19.313398,-22.428864,50.963562,208.05891,87.94269,3895.965,3.3680105,-2.008364,-1.6114717,4212.905,4236.74053479624
140,-0.89923733,1.58061,9.085797,-18.558998,-23.282566,51.02465,209.71526,88.39558,3897.6882,-2.1446412,0.08101937,1.2031106,4213.889,4237.090132625185
141,-2.4695263,6.196166,5.7744017,-17.812513,-23.971367,51.056747,211.364,88.84574,3899.4084,-3.959049,3.025046,0.70651346,4218.1646,4249.740378498505
142,1.5699914,9.779871,1.9085778,-17.068573,-24.487783,51.05985,213.00485,89.29318,3901.125,-0.8774185,0.048032057,-0.77862537,4224.5767,4248.379852942536
143,4.88932,10.354887,-2.7189646,-16.319183,-24.82605,51.034058,214.63773,89.73785,3902.8376,3.2435648,-3.248484,0.49265736,4230.115,4255.589757790109
144,7.4565644,7.0513496,-7.8074284,-15.553307,-24.98234,50.9796,216.26239,90.17978,3904.547,2.4764047,-0.34041226,0.26512048,4230.535,4257.160306223165
145,6.9033327,1.0180821,-11.009525,-14.759621,-24.954576,50.896816,217.87865,90.6189,3906.2534,-1.5028968,4.309556,0.07066272,4225.723,4251.890361116563
146,-1.8830314,-6.2404838,-13.722488,-13.926886,-24.742327,50.786106,219.48624,91.055214,3907.9563,-2.919082,0.7700285,0.7389828,4207.3584,4232.289987119949
147,-11.403519,-12.0676155,-15.707821,-13.047208,-24.346746,50.647987,221.085,91.48874,3909.655,-1.0745184,-4.171016,-0.8179137,4190.24,4204.780072318338
148,-8.726129,-13.755788,-16.902514,-12.091607,-23.77052,50.48304,222.67473,91.91943,3911.3508,2.2841392,-1.2712928,0.09518813,4202.2896,4226.240271540977
149,2.034609,-12.020614,-17.147943,-11.030304,-23.017788,50.29191,224.25517,92.34727,3913.043,2.0229537,4.758511,1.879336,4227.416,4255.839847924669
150,9.346969,-7.634833,-16.313494,-9.88229,-22.094168,50.07535,225.82613,92.7722,3914.7312,-1.2322236,1.9036708,-1.1541994,4236.344,4256.600245217601
151,6.563908,-2.0174067,-14.336656,-8.690833,-21.00674,49.83425,227.38733,93.19427,3916.416,-2.4301004,-3.9688559,-0.7231185,4240.222,4271.279831637026
152,2.6576362,1.8983753,-11.247019,-7.3523145,-19.763887,49.569523,228.93855,93.61344,3918.0974,-0.5363028,-2.0755174,2.3979552,4256.1978,4286.120127385879
153,0.6453005,3.092305,-6.965418,-5.8203564,-18.375118,49.28216,230.47957,94.02967,3919.7751,2.1359594,4.2157407,-0.57555807,4271.919,4292.14034289616
154,-4.009864,2.0992913,-3.0904171,-4.2838707,-16.850775,48.973297,232.01012,94.44298,3921.449,1.0357172,2.3639064,-1.6884273,4272.4507,4300.520123602055
155,-5.823567,0.30716214,1.5489476,-2.9322743,-15.197355,48.644142,233.53003,94.85331,3923.1196,-1.7474747,-3.606241,2.2585793,4274.9546,4302.430142974804
156,-1.1971334,-0.80721873,6.823089,-1.8240075,-13.355435,48.295925,235.03894,95.26072,3924.7864,-2.0377197,-2.2633023,0.802599,4289.5234,4320.66030482573
157,8.152432,-0.5187836,11.495763,-0.8844823,-11.214997,47.92995,236.53668,95.66512,3926.4492,0.45823583,3.9721448,-2.4935255,4315.5474,4355.430318621638
158,10.859576,0.94787633,15.009462,-0.15313837,-8.887424,47.547688,238.02293,96.0665,3928.1091,2.3143556,2.7862992,1.0004319,4333.6235,4356.460179228568
159,-1.6348406,3.109188,17.036766,0.553384,-6.1313143,47.150517,239.4975,96.46486,3929.7646,0.233964,-3.44603,2.6510952,4325.2495,4361.87982617628
160,-11.868963,5.7372413,17.44097,1.0988021,-3.2019677,46.73992,240.9601,96.86017,3931.4165,-2.249813,-2.9033248,-2.7263772,4317.3027,4330.880097278678
161,-9.977752,8.868075,16.2725,1.4513345,-0.7341164,46.317444,242.4105,97.25245,3933.0647,-1.830273,3.5972173,-0.913849,4335.7783,4371.600318959173
162,1.8748469,11.633703,13.721527,1.5996071,1.6939855,45.884705,243.89943,97.64163,3934.7095,1.0935185,3.1609533,4.4370403,4361.3506,4386.6801376538015
163,11.532576,12.1891,10.107623,1.5410742,4.1510997,45.44332,245.37633,98.02776,3936.35,2.276091,-2.632195,-1.6357802,4362.7266,4392.370128514576
164,13.161118,8.098547,5.856128,1.280314,6.732248,44.99499,246.83972,98.41071,3937.987,-0.10584332,-2.5856485,-3.2053323,4357.464,4393.68045992382
165,9.144175,-0.54017425,1.2656965,0.8270375,9.311902,44.54143,248.28934,98.79061,3939.6204,-1.8799759,2.9228108,4.372241,4356.6655,4369.020163697691
166,-0.65457076,-12.508044,-3.7518885,0.20011257,11.875917,44.084362,249.72488,99.167336,3941.2495,-1.3302332,2.5430255,0.6902927,4331.291,4375.090133055165
167,-14.316981,-20.41508,-7.628435,-0.57500285,14.410453,43.62559,251.14606,99.54089,3942.875,0.5244819,-2.8125453,-4.6952667,4301.679,4296.39980057527
168,-16.757467,-22.69846,-9.119385,-1.5927498,16.902113,43.166843,252.5527,99.9113,3944.4968,0.830905,-2.0315833,3.0981112,4308.7593,4336.839991752983
169,-4.6826773,-19.324097,-9.529201,-2.6403177,19.33787,42.70987,253.9444,100.27848,3946.115,-0.49844757,2.6668813,3.3711693,4331.749,4359.700343489533
170,9.580924,-11.133979,-8.837707,-3.832442,21.7051,42.25649,255.32094,100.642525,3947.7288,-0.8747272,2.3424904,-5.191183,4349.707,4369.310321089724
171,13.719497,1.7053988,-7.17928,-5.231208,23.991264,41.80847,256.68204,101.00325,3949.3386,-0.33495036,-2.0191507,1.1016445,4374.5854,4415.180286104401
172,11.661184,13.292664,-4.9007535,-6.558198,26.183905,41.367573,258.02747,101.36078,3950.9448,0.39484772,-1.7283695,4.9553995,4395.0015,4422.7301021912
173,2.5397468,18.877527,-2.7650986,-7.823761,28.270435,40.935635,259.3568,101.71506,3952.5469,-0.08495225,1.7609346,-4.5937276,4390.7354,4416.380102330943
174,-3.7153604,16.880692,-0.2587567,-8.778817,30.238092,40.514484,260.6699,102.06602,3954.1453,-1.0999986,1.085688,-0.9571265,4390.79,4415.470443496434
175,-1.9486147,10.366739,2.092292,-9.4233675,32.074013,40.1059,261.9665,102.41373,3955.7397,-0.8614363,-1.2594092,5.8380823,4397.104,4429.970387706528
176,0.024182249,2.8727643,3.8476655,-9.845048,33.76534,39.71173,263.24622,102.7581,3957.33,0.3094518,-0.3197596,-3.1156867,4390.585,4412.25009271444
177,-0.48793426,-3.452124,4.8235526,-10.016592,35.299393,39.33378,264.50888,103.09916,3958.916,0.80386615,1.5305923,-2.6466026,4391.712,4422.180168074887
178,-1.1406386,-8.0930195,4.9982986,-9.900039,36.66399,38.973816,265.75418,103.43688,3960.4985,-0.09221172,-0.09515742,5.1078596,4396.1123,4423.790343465884
179,-0.012017705,-9.807521,4.4422545,-9.462982,37.847607,38.6336,266.9818,103.77121,3962.077,-1.1769196,-1.3594289,-1.134406,4390.8003,4416.1700794538565
180,1.3258967,-9.023906,3.2707477,-8.679449,38.83945,38.31488,268.19168,104.10217,3963.6514,-1.2452475,0.6027963,-2.880676,4396.4697,4429.759924529908
181,3.5967405,-6.3156786,1.556857,-7.4048014,39.629658,38.019444,269.38333,104.42977,3965.2212,0.07715367,1.6623149,3.2704353,4413.1265,4440.819808491202
182,2.3808193,-2.1762278,-0.59710944,-5.48894,40.208977,37.748997,270.55658,104.753914,3966.7874,1.1849383,-0.85070115,0.45519185,4414.964,4439.3901559086025
183,-1.9443642,2.4059412,-3.12601,-3.1683257,40.569008,37.505283,271.71124,105.07464,3968.3489,0.3356703,-1.6948433,-2.398158,4413.619,4445.210035131517
184,-3.5380006,6.501105,-6.147818,-0.9449452,40.702614,37.29011,272.84708,105.391914,3969.9075,-1.4013127,1.2782629,1.3905196,4423.2773,4449.439992741937
185,-0.17765336,9.514681,-8.425732,1.4372299,40.60416,37.105106,273.96375,105.70574,3971.4612,-1.74055,2.0279553,1.4235108,4432.899,4461.770140855002
186,5.692721,9.847711,-10.580297,4.4133167,40.26943,36.95198,275.06104,106.01607,3973.0103,0.015284072,-1.4979194,-1.4987638,4437.7007,4468.370230849819
187,11.395999,6.652017,-12.479546,7.6908555,39.69597,36.832417,276.13873,106.32294,3974.556,1.9254782,-1.9829146,0.00082874973,4446.7485,4480.260079430208
188,9.848389,0.82805616,-13.928163,11.21622,38.882774,36.74797,277.19666,106.62624,3976.0972,0.7785886,1.9924924,1.6877466,4447.9746,4462.12017898348
189,-5.5380135,-6.689379,-14.783958,14.934552,37.830147,36.700188,278.23438,106.926025,3977.6345,-1.8066604,2.519703,-0.49613553,4425.4653,4454.319832462588
190,-16.167116,-12.825501,-14.827196,18.785759,36.539726,36.69047,279.25195,107.2223,3979.167,-2.1687987,-2.3287768,-1.0251098,4408.315,4418.609779164415
191,-12.207619,-14.400733,-13.861587,22.702234,35.014355,36.720264,280.24896,107.51495,3980.696,0.1625429,-2.650962,1.5316712,4421.47,4444.3501301442
192,3.7787528,-12.472981,-11.756776,26.6068,33.25805,36.790817,281.22525,107.80405,3982.2202,2.2886662,2.8063152,0.67051005,4453.219,4489.88018391965
193,16.06665,-8.360387,-8.473927,30.413065,31.275663,36.90334,282.1807,108.08952,3983.7407,0.9835649,3.7973168,-1.5118606,4475.1045,4492.810377309611
194,7.580335,-3.099558,-4.482359,34.030407,29.072638,37.058983,283.115,108.371414,3985.2563,-1.7835636,-2.4740553,0.9663952,4473.612,4501.710151763596
195,-5.018211,1.2781092,-0.16717115,37.3627,26.654829,37.258778,284.02798,108.64963,3986.7678,-2.0147383,-3.9925985,0.87693745,4471.684,4495.8999591304
196,-4.6229715,3.9540043,5.2985525,40.30676,24.028236,37.50372,284.91934,108.92423,3988.2754,0.18211803,2.2540886,-1.4191136,4489.6045,4513.330096730453
197,0.5799721,5.281082,10.896286,42.75755,21.198765,37.79473,285.7889,109.19516,3989.7783,1.4095584,4.6615915,1.0904415,4510.432,4537.359884025791
198,2.3877285,5.4098663,15.836378,44.61383,18.172298,38.132687,286.63666,109.46242,3991.2769,0.10582491,-1.5688664,1.0058402,4511.4717,4531.390302961767
199,1.9655168,4.8235407,19.678167,45.78053,14.954808,38.518288,287.46222,109.725945,3992.7712,-1.0509913,-3.9911807,-1.5068882,4509.1313,4537.109793891231
200,1.5311097,4.364708,22.156965,46.17562,11.552856,38.952354,288.26544,109.98575,3994.2612,-0.45143008,1.2170595,0.69685614,4518.7085,4545.850179914387
201,0.6405939,4.0831776,23.204985,45.739815,7.973724,39.435493,289.04617,110.24185,3995.7468,0.19575632,4.4506497,1.3591388,4522.1187,4541.450266684353
202,-0.67727304,3.5944107,22.908602,44.442688,4.226071,39.968327,289.80423,110.49417,3997.228,-0.7149644,-0.9940084,-1.3974524,4508.883,4535.379857027346
203,-0.90195,2.836468,21.447382,42.278465,0.48679674,40.55142,290.53943,110.74271,3998.7046,-1.1716691,-3.9053679,0.1126477,4501.721,4521.790011951294
204,0.607864,1.9031595,19.077229,39.26561,-3.5452647,41.18524,291.2515,110.98748,4000.177,0.38757986,0.8728349,1.9926322,4504.163,4529.899889043658
205,2.3285751,0.9280839,16.097015,35.4477,-8.619518,41.870262,291.94037,111.22851,4001.6448,1.6734693,4.4391317,-1.3212031,4497.6567,4520.4704342518635
206,-0.9368245,-0.08851285,12.837574,30.895906,-12.972669,42.60693,292.60583,111.46564,4003.1082,-0.13805723,-0.6129765,-0.81120425,4477.96,4492.990459818476
207,-4.210764,-1.5552138,9.626343,25.710287,-16.869867,43.395596,293.24768,111.69895,4004.5671,-2.480143,-4.1011252,2.7025785,4461.732,4485.680166677452
208,4.2432237,-4.165943,6.7346787,20.01249,-20.662462,44.236687,293.8658,111.92843,4006.0215,-1.9204756,0.28444558,-0.80537295,4459.7734,4486.870296314276
209,14.488506,-7.8862596,4.3208275,13.932675,-24.473743,45.130516,294.46002,112.154045,4007.4714,2.243981,4.9778514,-1.6989648,4465.1216,4485.870376075568
210,12.834012,-11.726063,2.3981714,7.5922465,-28.272022,46.077377,295.03012,112.37573,4008.9172,3.7463906,0.2295334,2.931919,4452.135,4471.520133706585
211,-13.693908,-13.60779,1.0427413,0.10478861,-32.023563,47.077545,295.57596,112.59358,4010.358,-0.70720094,-4.5182424,-0.3468425,4401.8555,4402.950085985253
212,-24.290138,-12.018667,0.107905805,-8.4818,-35.693504,48.131268,296.09738,112.80749,4011.794,-4.6610975,-1.0436183,-2.5717683,4380.1777,4394.870149261112
213,-14.37554,-5.4399753,-0.6412103,-15.459912,-39.24675,49.23867,296.59424,113.01749,4013.2258,-2.5845015,4.6902056,2.8206046,4401.84,4416.749953938392
214,8.671798,5.2794533,-1.527475,-21.240757,-42.648724,50.399902,297.06622,113.22354,4014.6528,3.8372009,1.7682503,1.0092046,4430.4917,4465.399970202385
215,24.492376,15.970525,-2.8654847,-27.106096,-45.866016,51.615063,297.51343,113.42559,4016.0754,5.4938626,-3.5612454,-2.8797002,4442.3076,4463.1200992221875
216,19.744007,21.00743,-4.7475767,-32.965706,-48.866657,52.88423,297.9355,113.62375,4017.4937,-0.7379943,-1.5336279,1.4719626,4435.309,4457.299779699741
217,-1.6459502,17.658016,-7.4583673,-38.662807,-51.620293,54.207386,298.3323,113.817894,4018.9067,-5.9225616,3.4781084,2.019884,4403.111,4419.540132076961
218,-8.650178,7.5487633,-10.244437,-43.998383,-54.09817,55.584454,298.7038,114.008064,4020.3154,-3.1550465,1.2602915,-2.8143277,4374.46,4385.570142531925
219,-7.839141,-4.1944847,-13.419714,-48.76805,-56.273197,57.015213,299.04965,114.19421,4021.7192,3.9843276,-3.1690533,0.48262647,4362.7817,4382.550128037298
220,-2.1562004,-13.661974,-16.589365,-52.789345,-58.120148,58.499397,299.36972,114.376335,4023.119,5.7501206,-1.02032,3.0406764,4359.8174,4375.190081049082
221,-2.284724,-15.472005,-19.568228,-55.91515,-59.616367,60.03657,299.66403,114.55452,4024.5137,-0.7346977,3.9351063,-2.2487524,4346.864,4355.510012837053
222,-3.9876368,-12.060245,-22.092846,-58.037655,-60.742714,61.625996,299.93222,114.72864,4025.9033,-5.6331663,1.1797187,-1.0784847,4339.737,4369.230186574777
223,0.3720697,-5.463691,-23.925365,-59.086914,-61.484615,63.266914,300.17422,114.89872,4027.289,-2.6832502,-3.6613808,3.3691533,4353.065,4365.56997655964
224,13.5943575,1.034289,-24.872992,-59.021526,-61.832848,64.95811,300.3898,115.06477,4028.6697,3.8760197,-1.2423255,-0.70520806,4379.912,4429.970387706528
225,22.298159,2.8297887,-24.793785,-57.8221,-61.783646,66.69813,300.5788,115.226845,4030.0454,4.9556255,4.172102,-2.564449,4399.8403,4412.020256358383
226,9.681842,-0.8009286,-23.581192,-55.49388,-61.33837,68.485176,300.74112,115.38489,4031.4167,-1.0214243,1.7053913,2.9111745,4388.091,4415.879922061823
227,-17.611404,-8.014993,-21.19373,-52.068645,-60.50324,70.31728,300.87653,115.538864,4032.783,-5.0997543,-4.1101365,0.91379535,4351.827,4374.8902370673295
228,-24.945795,-13.017003,-17.702791,-47.60276,-59.288815,72.19206,300.98495,115.688805,4034.1448,-2.2772312,-1.8575798,-3.4878287,4352.831,4372.870142811412
229,-11.491314,-12.960909,-13.337292,-42.17683,-57.709232,74.10698,301.06604,115.83477,4035.5015,3.4241576,4.540047,2.1015868,4398.8994,4439.730067147829
230,8.579087,-7.6725273,-8.470488,-35.89988,-55.781292,76.05937,301.11978,115.97668,4036.8538,4.2376723,2.3962915,2.6268382,4440.026,4475.8200989427005
231,15.649919,1.809514,-4.2311497,-28.917488,-53.52395,78.04638,301.1459,116.1146,4038.2012,-0.84055525,-3.5054321,-3.2929382,4456.6562,4488.74993501927
232,5.2187595,10.917231,-0.5541504,-21.42274,-50.958195,80.065056,301.14426,116.2485,4039.544,-3.6876192,-2.120666,0.0029671816,4474.3975,4520.399986326635
233,-1.7152511,16.689907,3.1905947,-13.66127,-48.106632,82.11239,301.11478,116.37841,4040.8816,-1.715794,3.616509,3.376028,4502.1616,4540.8703921998185
234,-2.6219308,17.067295,6.313165,-5.5010734,-44.9935,84.185265,301.05713,116.504295,4042.2148,2.143614,1.9061642,-1.8229316,4516.4526,4551.440222781244
235,-3.2349613,12.8257885,8.428531,2.0023985,-41.64486,86.28048,300.97116,116.6262,4043.5435,2.1018972,-3.160391,-1.5433918,4523.197,4559.669861346495
236,0.5804822,5.53025,9.669761,9.550628,-38.08861,88.39484,300.85675,116.74415,4044.8667,-0.85121596,-1.5176198,2.9019058,4538.638,4572.620391501101
237,5.59525,-2.2872274,10.299887,16.936438,-34.35458,90.525055,300.71365,116.85812,4046.1855,-1.9400759,3.4092536,0.15167837,4552.0933,4598.529817501433
238,4.5033236,-10.20318,10.623326,23.687153,-30.474115,92.66792,300.54175,116.96812,4047.4993,-0.7555185,1.4238191,-2.2498686,4554.232,4584.5701208179335
239,-2.3004553,-14.408002,10.825894,29.779839,-26.479807,94.82017,300.34088,117.074165,4048.8086,0.71717936,-2.695404,1.3958658,4557.8794,4597.549710741696
240,-3.0546262,-14.98668,11.017184,35.17758,-22.404858,96.97851,300.11066,117.176285,4050.1133,0.4616044,-1.24206,1.6346637,4570.9814,4608.080354664713
241,-2.9775815,-12.566673,11.294698,39.81345,-18.28207,99.13965,299.8511,117.27446,4051.4126,-0.30521765,2.7261603,-1.8345578,4585.546,4620.340054852551
242,-3.7802327,-7.09514,11.684031,43.60292,-14.105248,101.30032,299.56207,117.36874,4052.7073,-0.5897912,1.1581072,0.025291895,4601.8384,4635.149969933647
243,-3.034911,1.3557935,12.156858,46.463257,-9.385682,103.457275,299.24313,117.45912,4053.997,-0.5737671,-1.9891036,2.0365086,4621.1855,4663.45990898613
244,3.1794827,9.372691,12.67919,48.324177,-3.7744954,105.607185,298.89435,117.545616,4055.2825,-0.61928535,-0.7811309,-0.78912,4644.9214,4682.999961946769
245,11.700027,14.729327,13.252947,49.139038,0.9010268,107.74675,298.51535,117.628204,4056.5625,-0.2517795,1.9078419,-0.72358656,4671.1074,4718.499992367855
246,14.391128,14.239515,13.894255,48.88978,5.3838468,109.87276,298.106,117.70696,4057.838,0.6731956,0.75823265,1.4821995,4683.2363,4714.919916867664
247,4.881205,7.495512,14.602598,47.58501,9.9380665,111.98194,297.6662,117.781906,4059.1086,0.6862647,-1.2797085,0.19599931,4670.643,4708.529849749934
248,-7.974385,-2.2160687,15.323056,45.263546,14.391874,114.070915,297.19565,117.85296,4060.3743,-1.0494292,-0.77366745,-1.0037555,4651.455,4684.850100583074
249,-13.494317,-12.082189,15.974905,41.995346,18.73801,116.13649,296.69418,117.92025,4061.6355,-2.101749,0.8029313,0.5328861,4642.752,4664.550090629037
250,-6.7285814,-16.197252,16.491081,37.875847,22.970802,118.175415,296.16162,117.9837,4062.8918,-0.8747255,0.5633222,1.1929616,4650.5063,4688.470243340738
251,5.9495444,-15.094807,16.751009,33.02416,27.084534,120.18437,295.59778,118.0434,4064.1433,2.1517441,-0.21682648,-0.7696122,4666.8486,4697.420211941448
252,9.4245,-10.01925,16.565706,27.583014,31.072714,122.1601,295.00244,118.09935,4065.39,2.1943717,0.11650895,-0.09687569,4677.4927,4714.950297535419
253,-0.039824586,-1.0529546,15.716399,21.712532,34.927456,124.09935,294.37552,118.151535,4066.6309,-1.3617624,0.28061885,1.5381187,4674.978,4701.500027411225
254,-6.06959,8.485494,14.032309,15.578641,38.639725,125.99885,293.71667,118.199974,4067.8677,-2.911207,-0.22910228,-0.8295527,4672.48,4708.7499995162725
255,0.101698376,17.1948,11.444017,9.33487,42.199158,127.85535,293.02585,118.24473,4069.1,-1.0167599,-0.536985,-0.6725004,4686.2744,4717.750162263707
256,7.835358,22.002666,7.9978127,2.8301136,45.594154,129.66563,292.30273,118.28579,4070.3274,2.6346967,0.39882562,2.2302964,4702.106,4743.829984183185
257,6.779106,21.755342,3.8151784,-4.826517,48.81188,131.42651,291.54715,118.32313,4071.5493,2.1689637,1.1832633,-0.22657502,4692.3066,4699.390112050642
258,-4.057401,16.30546,-1.2147444,-12.356987,51.838673,133.1347,290.75906,118.35684,4072.7668,-1.4110836,-0.004175638,-2.07904,4662.0376,4702.870239556914
259,-6.6410804,5.9235177,-7.3054833,-17.391768,54.660324,134.78705,289.93814,118.38683,4073.9795,-2.6576462,-1.8232069,1.8737988,4643.73,4664.629784844452
260,0.8307596,-6.869504,-11.247395,-22.053865,57.262478,136.38033,289.08423,118.413284,4075.1873,-1.0456363,-0.06727021,1.9798917,4637.8545,4672.950125113434
261,9.491684,-19.234524,-14.376843,-26.439064,59.631107,137.91145,288.1971,118.43607,4076.3901,2.0110283,2.9399421,-2.7621014,4632.1963,4646.020084796358
262,8.22382,-26.149313,-16.68389,-30.40314,61.752625,139.37723,287.27673,118.45529,4077.5881,2.5403888,0.9276049,-0.7101033,4622.196,4652.939832251898
263,-5.9654613,-28.11311,-18.200558,-33.780663,63.61415,140.77463,286.32272,118.470924,4078.7812,-0.50779897,-3.618071,4.556994,4602.335,4595.460049159615
264,-16.026436,-25.812504,-18.939049,-36.408394,65.20404,142.10059,285.3351,118.48297,4079.9697,-2.8742995,-1.5226499,-1.9615777,4587.548,4608.029720218456
265,-11.364722,-18.658478,-19.023798,-38.144672,66.512245,143.35214,284.31357,118.491486,4081.1533,-2.2966774,4.607553,-4.11259,4604.8286,4612.600029367635
266,5.9369006,-5.5062575,-18.7093,-38.882545,67.53049,144.52646,283.25803,118.49649,4082.3318,1.5948106,2.3225057,6.1382313,4649.037,4694.040032429092
267,20.350958,13.229249,-18.34059,-38.549652,68.252426,145.62082,282.1682,118.49799,4083.506,3.7478404,-4.687041,1.0180675,4674.8145,4705.060289432446
268,11.234374,30.229649,-18.23945,-37.1077,68.67438,146.63249,281.04404,118.495964,4084.6743,1.086413,-2.140433,-7.308659,4677.2754,4695.259662134606
269,-7.4381943,37.47927,-18.621445,-34.552616,68.7954,147.55907,279.88538,118.49054,4085.8384,-2.8834424,5.8165565,4.3198256,4684.6885,4713.5699585004795
270,-9.851071,35.934814,-19.524212,-30.919147,68.61707,148.39824,278.69205,118.481636,4086.998,-3.5971043,1.8146446,5.8084793,4680.8535,4710.299853871293
271,-7.9397073,27.35547,-20.754469,-26.285196,68.14326,149.14816,277.46393,118.469284,4088.152,0.009889693,-6.1331816,-8.655353,4658.974,4660.4702751592595
272,5.6529737,10.999258,-21.928934,-20.775244,67.3795,149.80717,276.2009,118.453545,4089.3018,4.240577,-1.8958206,-0.7688049,4676.6665,4712.600418929526
273,21.56722,-10.131197,-22.57316,-14.566283,66.33259,150.37415,274.9029,118.4344,4090.4463,3.1211684,7.777393,10.693122,4696.379,4731.990329749521
274,17.410439,-27.560715,-22.160913,-7.4125004,65.01015,150.84834,273.5699,118.41193,4091.586,-2.2670586,1.8832237,-7.141697,4652.1772,4666.700513546628
275,-24.824697,-35.181614,-20.135525,-0.3444638,63.420307,151.22942,272.20178,118.38611,4092.7212,-5.02531,-7.301377,-5.8211703,4599.3247,4587.900106183564
276,-35.600277,-34.44084,-15.990042,6.746752,61.571453,151.51721,270.79865,118.35701,4093.8508,-0.8623948,-2.3639553,11.932905,4625.5176,4651.14032806185
277,-12.201494,-26.973011,-9.430918,14.286974,59.472202,151.71188,269.36038,118.32457,4094.976,5.019216,7.3501267,-3.0568604,4668.8394,4697.669861776475
278,16.758368,-13.618593,-2.0587883,21.494352,57.13149,151.81358,267.88724,118.28888,4096.0967,3.0903056,2.1820896,-7.271027,4711.7944,4740.740402362396
279,25.17737,6.1699705,8.212956,28.261286,54.55879,151.8228,266.3792,118.24996,4097.212,-3.3264604,-5.353533,9.532219,4756.8965,4791.490207097723
280,16.240076,25.283297,20.478779,34.49744,51.763958,151.73985,264.83646,118.20779,4098.3228,-3.9815617,-1.407891,0.024941932,4776.006,4807.020011914746
281,-1.2023772,33.3562,32.216183,40.09234,48.75719,151.56526,263.25906,118.162445,4099.4287,1.8488251,4.697328,-7.1338367,4785.047,4804.060318456097
282,-12.452614,30.884449,42.10904,44.91013,45.548615,151.29974,261.64722,118.11393,4100.5293,4.6198344,-0.1535208,5.9193473,4792.9756,4808.9304715870285
283,-14.79655,22.874414,49.523388,48.809708,42.148483,150.94374,260.0013,118.06226,4101.6255,-0.8958351,-3.4655325,2.6186495,4777.4497,4786.830076843878
284,-3.9528897,10.932044,54.522453,51.667538,38.566853,150.49805,258.32126,118.00746,4102.717,-5.035813,1.3122814,-5.798682,4771.7573,4796.640390731437
285,14.46165,-2.128058,57.085445,53.38912,34.813087,149.96327,256.60742,117.94955,4103.803,-1.3586206,3.2873957,2.610012,4790.484,4818.620143402634
286,23.466652,-15.55577,57.06092,53.925728,30.895348,149.34016,254.85995,117.888565,4104.885,5.63599,-1.9255134,3.8627381,4784.3403,4797.700191706588
287,-2.6000671,-22.669258,54.262638,53.277596,26.820362,148.62936,253.07922,117.824524,4105.9614,3.938204,-2.1631937,-4.609463,4731.7515,4725.009820958473
288,-26.90317,-23.916151,48.69253,51.496105,22.593334,147.83154,251.26535,117.757454,4107.033,-4.392497,2.756392,0.28069067,4694.4946,4707.950415564933
289,-28.080252,-19.460318,40.451336,48.685577,18.217812,146.94746,249.4188,117.68738,4108.1,-6.7407827,1.0278935,4.3291802,4680.584,4673.02013273913
290,-6.2250395,-8.645411,29.864578,44.993958,13.695686,145.97775,247.53963,117.61433,4109.162,1.5897812,-3.0826628,-2.819821,4689.665,4714.130019506043
291,21.383577,10.265073,17.495222,40.59655,9.028124,144.92311,245.62828,117.5383,4110.2197,8.504403,0.2910924,-1.0807283,4724.793,4748.830025676257
292,30.098616,30.44042,2.1133468,35.67902,4.2164545,143.7843,243.685,117.45937,4111.272,3.3039143,4.801574,3.3947713,4730.2485,4744.129828164938
293,0.45504206,41.183624,-14.81841,30.42758,-0.5316812,142.56192,241.7607,117.37747,4112.3193,-7.8828917,-1.5007706,-0.7820735,4660.5693,4665.129965113571
294,-17.406343,40.328247,-26.43035,25.017828,-6.1225147,141.25665,239.82515,117.29274,4113.363,-7.6487603,-5.2423873,-1.8147504,4612.418,4632.240470621723
295,-4.908962,29.012043,-36.126476,19.603476,-11.829247,139.86925,237.85976,117.20511,4114.401,4.3356333,1.9823568,1.7222471,4613.126,4611.549914982202
296,12.572142,6.3520775,-45.705177,14.309475,-16.697226,138.40031,235.86476,117.11464,4115.4336,10.138739,6.8918643,1.2471932,4595.9224,4602.109893001624
297,10.212561,-20.440142,-55.589893,9.227946,-21.320686,136.85052,233.84053,117.02134,4116.462,0.86796916,-2.714249,-1.3449942,4523.0728,4494.5200603949925
298,-17.86531,-37.768772,-64.55751,4.419086,-25.987362,135.22043,231.78745,116.92528,4117.4854,-10.808857,-6.6988072,-0.5521921,4441.5986,4417.350082201428
299,-20.738064,-44.10114,-70.687584,-0.9067787,-30.665068,133.51073,229.7057,116.82644,4118.5044,-6.1624417,2.876372,1.8763087,4430.039,4411.009768930891
300,-3.4774678,-44.3637,-72.27573,-6.095262,-35.31824,131.72195,227.59573,116.72484,4119.518,7.2235994,7.791375,0.08485882,4449.1304,4453.230091119214
301,7.427815,-38.936203,-68.40644,-10.74848,-39.9092,129.85463,225.45787,116.62052,4120.5264,9.923572,-3.6368804,-1.3974309,4446.776,4428.74019081223
302,0.0012751905,-24.9571,-58.896114,-13.880301,-44.399242,127.90935,223.2924,116.513504,4121.531,-2.1619267,-6.999134,1.2194558,4439.173,4432.720498587623
303,-1.2797697,-5.505776,-44.20788,-16.585938,-48.74992,125.88654,221.09982,116.40381,4122.53,-11.812574,4.041473,0.6766935,4462.4966,4516.890358751673
304,16.274715,18.65023,-24.95584,-19.136454,-52.92423,123.7867,218.88034,116.29148,4123.5244,-2.9617982,7.505574,-1.2586068,4523.6763,4550.490496689262
305,24.96,35.662884,-3.5507958,-21.560995,-56.887203,121.610374,216.63435,116.176476,4124.514,9.05004,-4.156957,1.6961458,4564.1484,4595.310347318505
306,3.9262652,36.500854,18.176704,-23.890694,-60.606262,119.35803,214.3622,116.05888,4125.499,8.135663,-6.484081,-0.2802312,4550.7563,4542.879919266953
307,-25.355371,28.75468,42.210957,-26.167484,-64.051186,117.03014,212.06432,115.938736,4126.4785,-4.3309927,4.3465943,-2.281754,4524.637,4539.660449084025
308,-29.55373,18.482897,59.00221,-28.44052,-67.19429,114.62722,209.7409,115.816025,4127.454,-11.799576,5.287064,3.5873184,4517.0093,4521.8600195769895
309,-11.449781,10.007013,68.68549,-30.761799,-70.01012,112.149796,207.39247,115.69078,4128.424,-1.9057391,-4.0525875,0.2332222,4524.403,4531.319855036539
310,14.886899,6.2653165,73.62826,-33.18639,-72.475204,109.598305,205.01923,115.563034,4129.3896,9.881127,-3.4291117,-4.0951757,4551.046,4590.029835023119
311,31.058842,5.6460853,74.70545,-35.7645,-74.56818,106.97336,202.6217,115.43276,4130.35,8.528643,5.0315967,3.5315,4573.548,4588.919839901242
312,3.9980083,4.719374,71.797035,-38.53552,-76.26957,104.275444,200.2002,115.300095,4131.3057,-4.8387556,2.1301441,2.9634395,4517.0454,4526.330380732252
313,-31.257288,1.8761139,65.16239,-41.528942,-77.56179,101.50517,197.75504,115.16492,4132.257,-12.840245,-5.1253805,-6.1350894,4439.2715,4426.220356586724
314,-30.58068,-2.5031517,55.805836,-44.758408,-78.42945,98.66322,195.28664,115.02736,4133.2026,-2.0569222,-1.4585042,0.58348703,4438.7817,4472.770144079853
315,1.875187,-8.235322,44.79517,-48.208878,-78.85967,95.75027,192.79535,114.88743,4134.1445,10.055616,5.354621,8.091358,4472.4453,4489.5499592701435
316,26.930687,-14.336895,33.420486,-51.843494,-78.842094,92.76716,190.28152,114.7451,4135.081,8.197874,0.8369387,-6.225523,4451.0127,4456.060336515257
317,14.606279,-20.395748,22.697845,-55.60632,-78.36839,89.71475,187.74556,114.60045,4136.0127,-4.798974,-4.0638323,-4.8050523,4397.3394,4394.600245647581
318,-14.483437,-25.498888,13.2834015,-59.41628,-77.432495,86.59424,185.18776,114.453476,4136.94,-10.760827,0.23907137,11.481919,4360.5884,4362.120229721121
319,-22.657114,-27.597954,4.8602314,-63.16625,-76.030914,83.40686,182.60849,114.3042,4137.862,-1.527123,3.3905954,-3.2425852,4332.21,4341.509808596547
320,-18.590345,-24.578707,-3.61137,-66.72804,-74.16289,80.154144,180.0083,114.15264,4138.779,8.321777,-1.619533,-9.352877,4322.7715,4294.730184747362
321,-2.226757,-14.678294,-9.567481,-69.95838,-71.83099,76.83769,177.38739,113.998886,4139.6914,6.1589584,-2.3625152,11.586853,4355.037,4385.339865876334
322,14.496018,4.496699,-13.813531,-72.705246,-69.040985,73.4594,174.74615,113.84285,4140.599,-3.9302723,2.7031865,2.207276,4367.061,4388.839806861578
323,15.784888,29.041025,-17.918505,-74.81514,-65.802124,70.0212,172.085,113.684616,4141.5024,-7.8724527,2.784677,-11.673291,4366.8223,4378.45049908855
324,8.742296,45.740776,-22.880459,-76.14059,-62.128098,66.525314,169.4043,113.52427,4142.4,-0.6264636,-3.025214,5.289306,4386.8247,4401.479925845647
325,11.302037,49.31587,-28.849966,-76.549515,-58.038036,62.97401,166.70436,113.361694,4143.2935,7.2918797,-2.6115057,8.006813,4396.201,4416.779894306613
326,5.624703,43.88428,-35.71625,-75.92819,-53.557526,59.369793,163.98558,113.19701,4144.1816,4.146758,3.1649222,-10.196347,4362.1567,4342.120063748836
327,-13.161357,28.802399,-43.183983,-74.1749,-48.719807,55.715294,161.24837,113.03023,4145.0654,-5.0979686,2.849125,-2.1136327,4320.259,4327.009864386454
328,-13.836552,4.3237505,-50.875492,-71.196365,-43.566616,52.013268,158.49309,112.86137,4145.9443,-6.329709,-2.668358,11.374396,4296.537,4276.939882129579
329,-1.6933526,-20.320082,-58.253143,-66.91168,-38.148388,48.266598,155.72006,112.69045,4146.818,2.0941956,-2.3917892,-6.2774744,4271.5938,4299.400001590926
330,10.982088,-33.887913,-64.20244,-61.25741,-32.52344,44.47835,152.92972,112.5175,4147.6865,7.230556,2.6896973,-5.8285108,4280.815,4268.280070920903
331,7.9233847,-38.09245,-67.67646,-54.196384,-26.756128,40.651627,150.12239,112.342545,4148.5503,1.5537986,3.2855868,11.152828,4288.861,4291.01009399578
332,-7.953452,-37.070232,-67.749435,-45.731983,-20.913715,36.78965,147.29848,112.16556,4149.4097,-6.0493984,-2.385899,-2.3014078,4255.5083,4247.570142101945
333,-15.822015,-31.992617,-63.817986,-35.938877,-15.060601,32.895668,144.4583,111.98663,4150.264,-4.2637434,-3.246346,-7.7302036,4261.7324,4271.04999528097
334,-7.7583094,-21.181868,-55.66114,-25.001926,-8.474712,28.973047,141.60237,111.80578,4151.1133,3.3582566,1.8559831,8.699876,4329.3306,4358.899878939127
335,11.704355,-5.6732025,-43.61876,-13.2572365,-1.0266939,25.025179,138.73082,111.62298,4151.957,5.7097635,4.244879,2.0154636,4387.435,4412.670138468613
336,22.143358,12.6610565,-27.990591,-1.3488864,5.2603035,21.055534,135.84425,111.43832,4152.7974,-0.5865524,-0.96244115,-7.813194,4422.499,4465.399970202385
337,16.014654,24.859766,-9.036878,10.476171,11.612656,17.067493,132.9429,111.25176,4153.6323,-4.872128,-4.0239315,3.3045409,4463.2295,4481.750053048784
338,2.0805776,25.046648,6.946814,23.034994,17.784956,13.064505,130.02718,111.06335,4154.4624,-2.0074906,0.5274859,6.25431,4488.2856,4522.000034828381
339,-9.483773,17.81945,27.735607,34.99872,23.772024,9.050004,127.097466,110.873116,4155.288,3.4632409,4.609553,-6.9998565,4498.2236,4501.069956243084
340,-19.492222,9.076572,44.673935,46.472248,29.569727,5.0273685,124.1541,110.68108,4156.1094,3.0215163,-0.2381758,-2.2738938,4506.7812,4520.5800688355
341,-12.476005,3.725971,55.883553,57.50053,35.170364,0.999991,121.19749,110.48727,4156.925,-2.2235234,-4.874156,9.58933,4531.906,4546.029822123719
342,2.012552,3.8066058,62.63054,67.946976,40.56042,-3.0287912,118.22806,110.29167,4157.736,-3.5214775,0.07809487,-4.247969,4552.4927,4575.650092585446
343,19.196665,7.7130957,65.92296,77.567345,45.71959,-7.05572,115.246,110.09438,4158.542,0.81869984,6.7935824,-5.673829,4594.885,4637.299952551705
344,24.992752,11.915971,66.00798,86.10211,50.621353,-11.077527,112.25188,109.89536,4159.3438,4.576107,0.5936761,8.9555855,4624.179,4627.770109466462
345,-3.0679924,12.748443,62.949635,93.33538,55.234066,-15.091081,109.24597,109.694626,4160.1406,0.8417222,-6.977136,-0.04077191,4579.013,4603.069745982858
346,-21.777927,9.310855,57.003716,99.119446,59.52257,-19.09327,106.22869,109.49221,4160.9326,-4.4982347,-2.131004,-7.5232205,4546.5864,4548.7002387894
347,-13.217064,3.2431252,48.833275,103.363304,63.449482,-23.081078,103.20034,109.288185,4161.7197,-3.456935,8.666544,5.389862,4567.3984,4583.50019295353
348,5.2452836,-3.4830625,39.387333,106.01406,66.97773,-27.05154,100.16137,109.08252,4162.502,3.040544,3.0388887,5.1198936,4570.035,4593.45052209248
349,8.186715,-10.520418,29.75709,107.05332,70.07247,-31.001741,97.112114,108.875244,4163.28,5.910638,-7.7992043,-8.060062,4532.8657,4503.9402688966
350,-2.340222,-15.468225,20.909733,106.48816,72.703384,-34.92884,94.05295,108.66638,4164.0522,-0.0994645,-3.9684658,-0.5668047,4509.501,4521.160383619567
351,1.4837421,-18.86216,13.579867,104.33888,74.84743,-38.830086,90.98429,108.455986,4164.821,-6.08941,8.322085,9.098715,4512.1504,4520.410113215888
352,3.852165,-20.557028,8.141367,100.6443,76.49016,-42.70279,87.90647,108.244,4165.584,-3.8302162,5.254332,-4.7992487,4484.2275,4464.350296116485
353,-0.24863124,-19.843412,4.6654744,95.470505,77.6255,-46.54443,84.81978,108.03052,4166.343,4.3237867,-6.748903,-4.805209,4463.0874,4471.000139958494
354,-2.3888414,-15.571034,3.155921,88.91104,78.25505,-50.352608,81.72468,107.81554,4167.0967,7.684926,-5.725519,7.107746,4467.714,4453.920040486918
355,-7.5623317,-6.1366143,3.2695084,81.09382,78.38632,-54.1251,78.62158,107.599045,4167.8457,-0.23041797,6.1606545,1.0862976,4456.009,4460.460249745291
356,-9.918779,9.544584,4.4745054,72.18863,78.03135,-57.859936,75.51079,107.38111,4168.5903,-9.753894,6.6458817,-4.82894,4440.0054,4410.310132973469
357,-3.5153332,26.6228,6.288072,62.407177,77.20539,-61.141346,72.39266,107.16176,4169.33,-5.4866953,-4.067187,0.19842115,4447.3955,4471.030080326716
358,18.962029,36.770134,8.219863,52.005512,75.92615,-64.15795,69.26758,106.94096,4170.065,7.344521,-6.590364,5.8145704,4480.568,4488.290262307157
359,33.57888,35.699455,9.814095,41.27669,74.21293,-67.61338,66.13601,106.718796,4170.795,10.890333,3.3316698,-1.7867093,4483.053,4512.939991344502
360,16.763903,22.602934,10.788742,30.526497,72.08623,-71.1935,62.998184,106.49522,4171.521,-1.5662297,8.310286,-5.494733,4423.8384,4385.830359555736
361,-36.48648,-0.48957646,11.037542,20.036427,69.56747,-75.016556,59.854534,106.27033,4172.2417,-14.264264,-1.8207281,5.0005836,4315.931,4299.020023094226
362,-43.77308,-23.9454,10.569101,10.009693,66.67869,-78.6029,56.70547,106.044075,4172.9575,-6.0102572,-9.2978525,4.33078,4265.6655,4278.1401386556545
363,-17.49365,-33.17015,9.421546,-1.6497225,63.4422,-81.75149,53.551327,105.81649,4173.6694,9.615097,-0.8340564,-8.306426,4272.3105,4240.7102753828485
364,15.806233,-30.881641,7.5857825,-12.849836,59.880295,-84.825096,50.392433,105.58762,4174.376,11.767099,12.550396,0.51289946,4309.902,4308.450358485085
365,21.76163,-21.84999,4.9783583,-20.569239,56.014957,-87.92858,47.229298,105.35745,4175.078,-2.447154,3.2353969,10.199612,4291.0596,4269.680223434813
366,-8.019124,-7.3293967,1.3405023,-27.621662,51.867355,-90.985085,44.06212,105.12605,4175.775,-14.625555,-12.123299,-8.858174,4208.6084,4169.810162534594
367,-19.958015,13.3177,-4.1206956,-34.64847,47.457245,-93.99355,40.89136,104.8934,4176.4683,-4.661815,-6.6453505,-5.456614,4213.5435,4200.100128585523
368,5.8519807,30.402012,-10.368203,-41.442345,42.80217,-97.27231,37.7174,104.6595,4177.156,10.101944,13.665042,13.820476,4287.0933,4307.660461123464
369,34.70939,33.67425,-16.499283,-47.69436,37.916813,-100.570175,34.54056,104.42443,4177.839,10.226627,8.799501,-4.160182,4273.206,4256.390222340515
370,16.587006,23.835321,-23.294384,-53.111195,32.811935,-103.48042,31.361225,104.18816,4178.5176,-4.497438,-12.423731,-9.361352,4181.1323,4157.6900372986165
371,-30.049479,5.2730303,-30.771439,-57.477722,27.493792,-106.33772,28.179768,103.95073,4179.1914,-12.582513,-10.730382,11.020182,4107.159,4081.2703295087326
372,-30.033905,-13.750445,-38.828316,-60.659863,21.963879,-109.141045,25.241646,103.71213,4179.861,-1.0846727,12.56544,2.0355554,4091.8813,4068.819979623247
373,-17.526361,-22.51601,-47.353153,-62.58528,16.219393,-112.02731,22.491232,103.472404,4180.5254,9.631292,11.291342,-9.671336,4071.9514,4049.0901575640255
374,-4.227759,-19.934246,-56.323044,-63.219425,10.254779,-114.98345,19.552652,103.23155,4181.186,4.945975,-11.828097,3.7297516,4052.3848,3964.8000956275546
375,2.705792,-9.748666,-64.83721,-62.55729,4.065229,-117.876816,16.582178,102.98964,4181.841,-6.924215,-12.06815,8.138215,4042.3093,4038.8800517007967
376,18.153666,4.7614384,-71.834114,-60.625095,-2.15387,-120.706245,13.611286,102.746635,4182.4917,-6.510836,11.636695,-9.281737,4062.2896,4046.4602484553507
377,33.429848,13.79021,-76.18222,-57.485027,-9.807685,-123.36389,10.640353,102.50258,4183.1377,4.2196593,13.833674,-2.5810819,4092.1343,4090.72003807903
378,29.531395,9.70695,-76.92811,-53.23908,-16.245686,-125.8379,7.791131,102.25747,4183.7793,7.529822,-10.983376,11.835723,4069.1975,4051.9802836965123
379,-8.231108,-6.663327,-73.40708,-48.043995,-22.20569,-128.4851,4.968349,102.01133,4184.4165,-1.0769678,-14.541158,-8.092846,3980.649,3945.960118923872
380,-30.424887,-25.25137,-65.18673,-42.118233,-28.235704,-131.0673,2.2381723,101.76418,4185.0493,-7.9446087,9.138197,-5.6320243,3962.3289,3943.4200309198627
381,-26.037474,-36.798973,-51.920036,-35.73168,-34.2695,-133.52202,-0.552048,101.51607,4185.677,-2.4965775,15.719665,13.467213,3995.0515,3981.880195099131
382,-6.2285714,-40.077972,-33.818745,-29.194817,-40.234722,-135.90695,-3.1658027,101.266975,4186.3003,6.46179,-8.149546,-5.094578,3992.1572,3955.680171407232
383,3.047883,-35.774326,-9.970864,-22.843937,-46.05837,-138.22095,-5.5597043,101.01691,4186.9185,5.384502,-15.219068,-8.028258,4014.6924,3999.330146178155
384,7.766629,-22.272774,12.676795,-17.020348,-51.67087,-140.46283,-9.046168,100.76587,4187.5327,-3.436176,6.09082,12.440068,4083.3638,4075.1400391152815
385,22.03707,-1.4100384,43.751343,-12.03909,-57.00895,-142.63152,-12.929242,100.51397,4188.142,-6.408307,16.692217,-1.242386,4137.468,4158.490501849022
386,27.07231,24.803093,69.876045,-7.7268867,-62.01708,-144.72583,-16.51289,100.261154,4188.747,0.4978013,-6.049121,-9.099093,4165.126,4168.340002394989
387,1.2500422,44.311726,86.54397,-4.6037183,-66.64795,-146.74463,-19.954842,100.007416,4189.3477,6.5750623,-15.40673,9.244046,4183.9224,4166.5400579054085
388,-20.40325,51.9188,96.64278,-2.7725558,-70.862686,-148.68681,-23.225992,99.752815,4189.9434,2.2459114,3.604033,2.4464133,4180.603,4177.509680462504
389,-27.346283,57.05905,101.35221,-2.716353,-74.63093,-150.55128,-26.452171,99.49738,4190.534,-5.072525,16.019814,-10.238336,4167.4546,4142.670099340432
390,-14.432916,62.45019,99.00198,-4.5750575,-77.93041,-152.33691,-29.590387,99.24109,4191.121,-4.793233,-4.592436,5.692849,4169.256,4168.7798616281325
391,6.7677608,65.83405,87.95379,-8.702926,-80.74738,-154.04262,-32.5979,98.983955,4191.7036,2.2304513,-14.440209,7.0249805,4169.9673,4164.859874888716
392,27.352057,62.839996,68.261665,-13.304611,-83.07668,-155.66736,-35.600563,98.72604,4192.2812,6.305854,3.7532315,-11.238983,4160.6323,4160.140304197959
393,34.14723,47.81634,42.842976,-18.567293,-84.92054,-157.21013,-38.59802,98.46733,4192.8545,1.7071465,15.591013,-0.38526985,4133.745,4119.100425056741
394,6.5899835,14.17141,14.143709,-24.787647,-86.2865,-158.6699,-41.58994,98.20783,4193.424,-4.5571246,-5.428828,11.88768,4017.1045,3974.389819449243
395,-35.643272,-30.251787,-18.15129,-31.91392,-87.18488,-160.04585,-44.508053,97.947556,4193.988,-4.9277864,-15.019762,-10.026339,3854.2625,3838.1501365509025
396,-38.15692,-56.83639,-35.518402,-39.89978,-87.627075,-161.3372,-47.39727,97.68659,4194.548,0.82611,3.6448805,-5.9953957,3823.937,3778.1800193018025
397,-7.5232916,-65.54192,-45.721413,-48.649395,-87.62436,-162.5435,-50.280178,97.42484,4195.103,5.3755198,16.1233,15.508501,3861.6511,3837.560135177116
398,15.91665,-70.767685,-54.640305,-57.97871,-87.187454,-163.66447,-53.156548,97.16242,4195.6543,2.572067,-4.897441,-5.971598,3813.041,3728.1800446706234
399,2.4575086,-68.00602,-62.777527,-67.61739,-86.326645,-164.7,-56.026047,96.899315,4196.201,-2.680872,-13.778951,-10.487761,3763.1565,3707.710079096973
400,-8.194579,-52.251358,-67.56316,-77.25087,-85.05207,-165.65018,-58.88841,96.635506,4196.743,-3.7591121,3.3919356,14.356959,3792.5178,3779.6501794414085
401,-2.8883142,-26.02976,-66.781944,-86.56471,-83.37363,-166.51529,-61.743336,96.371056,4197.281,-0.20784763,13.550373,-0.23614644,3812.8613,3801.7902011425
402,2.5753362,6.3785086,-60.496723,-95.27871,-81.300835,-167.29584,-64.59054,96.10594,4197.8135,2.6261497,-4.788891,-10.354317,3821.3938,3802.580098504121
403,12.450806,43.472584,-49.739117,-103.169525,-78.84291,-167.99236,-67.42976,95.84022,4198.343,1.657529,-11.480973,7.193786,3880.303,3913.650058617025
404,26.448975,59.684982,-36.102833,-110.07419,-76.00928,-168.6056,-70.26071,95.573875,4198.867,-0.5521578,4.4820347,5.2765055,3928.7288,3927.7202704832266
405,27.856598,54.381752,-20.49379,-115.886444,-72.810036,-169.1365,-73.08316,95.30692,4199.387,-1.8570473,11.672813,-6.535367,3928.803,3945.860170929954
406,-5.2260323,41.066765,-5.55011,-120.54672,-69.256805,-169.58597,-75.896805,95.03942,4199.903,-1.6698455,-4.876738,-1.8697528,3881.53,3836.4998939024317
407,-41.50409,19.621548,5.2695045,-124.02613,-65.36366,-169.9552,-78.70143,94.771355,4200.414,0.28986663,-10.014439,6.41746,3837.2188,3818.990062086964
408,-39.435947,-0.18701413,15.417398,-126.3164,-61.147923,-170.2454,-81.49677,94.50273,4200.9214,1.3169264,2.9481757,-0.70140135,3835.576,3829.8201096922007
409,-8.977056,-10.494084,20.436266,-127.420425,-56.63091,-170.45801,-84.2826,94.23358,4201.424,0.10373714,9.927817,-4.409101,3863.453,3832.190242076597
410,13.140259,-7.5172715,20.65028,-127.343575,-51.839058,-170.59444,-87.05866,93.963936,4201.922,-1.5987198,-1.7274462,2.595655,3884.5928,3870.9101829801443
411,28.806292,1.1857034,17.520302,-126.0905,-46.804447,-170.65631,-89.82473,93.69379,4202.416,-0.8716123,-7.2749963,3.8692586,3905.9688,3910.630044122399
412,29.173986,6.7065287,12.279455,-123.66525,-41.56502,-170.64523,-92.5806,93.423164,4202.9053,1.4429978,0.37033394,-3.7246556,3914.121,3918.4999579694536
413,19.383198,4.584515,5.9439125,-120.06271,-36.16423,-170.56287,-95.78481,93.15207,4203.3906,0.99187577,6.588472,-2.2268763,3909.2332,3880.9402063345087
414,2.5906308,-5.2816253,-1.7062318,-115.26087,-30.64986,-170.41096,-99.126434,92.88052,4203.8716,-1.4802043,0.84295213,5.46332,3881.733,3873.41020372668
415,-17.170942,-16.995543,-9.554029,-109.21759,-25.072424,-170.19128,-102.45467,92.60857,4204.348,-2.0846994,-5.0090227,-0.8733262,3838.3333,3829.440131195501
416,-29.388624,-22.674278,-14.395629,-101.8799,-19.482477,-169.90564,-105.76933,92.33617,4204.82,-0.25221312,-2.0306787,-4.1011486,3827.2761,3796.410181152729
417,-14.196348,-21.367683,-17.739359,-93.18918,-13.8851795,-169.55573,-109.07013,92.0634,4205.288,1.9729964,4.736713,3.738243,3868.796,3863.620143617624
418,6.7685103,-14.277487,-20.046488,-83.08679,-7.3850913,-169.14342,-112.35679,91.79019,4205.752,1.4786154,3.50588,1.6872572,3904.6863,3902.4400325150887
419,20.79491,-2.1739535,-21.352602,-71.52293,-0.45523992,-168.67046,-115.62913,91.5167,4206.2114,-1.5236682,-3.2317746,-3.2437973,3930.7195,3939.81001505145
420,21.769156,9.941489,-21.690153,-58.471447,5.4510217,-168.13863,-118.88685,91.24282,4206.6665,-2.5842385,-3.7516649,1.04661,3962.5945,3974.130042724964
421,19.678114,15.562035,-21.090488,-43.963367,11.4380665,-167.5497,-122.12976,90.96861,4207.117,0.1941524,3.1648643,1.8642167,3995.254,3999.2900789206815
422,12.656389,11.067549,-19.629555,-28.156713,17.269148,-166.90544,-125.35765,90.69409,4207.564,3.4267192,4.4663677,-1.4596859,4005.635,4012.4400647635894
423,-10.499181,1.467623,-17.478777,-11.432941,22.945969,-166.20767,-128.57028,90.419266,4208.0063,0.7947499,-2.9969523,0.06273807,3986.5107,3975.3003588828174
424,-32.02766,-6.436431,-14.880641,4.104186,28.471283,-165.45808,-131.76741,90.144165,4208.445,-3.6794295,-4.398751,1.0739459,3973.59,3953.22021791817
425,-22.809715,-7.560534,-12.102968,20.88225,33.84563,-164.65851,-134.94885,89.86881,4208.879,-3.04742,2.9091573,-0.33907244,4010.9177,4039.5603144787815
426,4.0819545,-0.5752106,-9.35121,37.297867,39.065273,-163.81064,-138.11436,89.593216,4209.308,3.0699337,5.402164,0.28135195,4076.2483,4078.9499509715292
427,25.325361,9.638711,-6.4633613,52.98807,44.12144,-162.91617,-141.26378,89.31736,4209.734,5.5095453,-1.871219,0.9600142,4125.08,4140.149824815393
428,20.18567,17.71592,-4.4951143,68.46168,49.000237,-161.97693,-144.39691,89.04128,4210.1553,-0.5286541,-4.841233,-1.20649,4137.1143,4144.950410620162
429,-0.47513598,17.71768,-2.4178755,83.73273,53.68325,-160.99457,-147.51355,88.765015,4210.5723,-5.8062997,1.2317842,0.042066563,4138.5376,4140.470362875181
430,-1.4776676,8.299412,0.3504815,98.53389,58.148308,-159.97089,-150.6135,88.48858,4210.985,-3.3602815,4.841333,2.5985062,4156.823,4167.660179916536
431,1.9323387,-6.693139,3.8502836,112.572876,62.370506,-158.90758,-153.69658,88.211945,4211.394,4.234724,-0.63903254,-2.3507164,4162.28,4161.290366577309
432,0.71988755,-20.896633,8.131257,125.60892,66.32286,-157.80635,-156.76257,87.93517,4211.7983,6.347132,-3.6605074,-0.807301,4166.93,4151.580000683668
433,-6.2067733,-27.688059,13.2619705,137.44794,69.97713,-156.6689,-159.81137,87.65829,4212.1987,-0.9339088,0.09760636,4.642214,4173.9746,4186.62035839264
434,-9.928425,-27.75807,19.14361,147.92534,73.30457,-155.49704,-162.84279,87.381294,4212.5947,-6.8176684,3.7417223,-3.0318263,4178.2153,4137.29976594038
435,-7.3318934,-22.364468,25.439062,156.90059,76.27654,-154.29243,-165.85661,87.104195,4212.9873,-3.1441908,0.75891936,-2.4140117,4204.063,4211.029683885145
436,4.340076,-11.345022,31.582201,164.25471,78.865135,-153.05684,-168.8527,86.82695,4213.375,5.286075,-3.1561732,6.0199223,4254.1396,4257.910136327313
437,13.031983,6.0566354,36.88209,169.8921,81.0441,-151.79199,-171.83087,86.549706,4213.7593,6.6967335,-0.9710502,-2.1489663,4287.17,4280.470203782577
438,9.611273,24.19925,40.64462,173.73912,82.78992,-150.4996,-174.79102,86.27238,4214.1387,-1.9236801,3.194936,-3.7371213,4303.638,4301.789947454293
439,8.904593,34.009773,42.202545,175.74596,84.0837,-149.18143,-177.73291,85.99505,4214.514,-7.756275,1.7339607,5.133355,4317.6523,4325.279927522569
440,9.83165,33.40232,40.996716,175.88818,84.91293,-147.83913,-180.65643,85.71767,4214.8857,-2.3917193,-2.6527267,0.4515097,4312.547,4302.180493139776
441,8.503828,25.804497,36.700256,174.17516,85.27269,-146.4744,-183.56143,85.44031,4215.253,6.3649225,-1.9251034,-4.062175,4301.491,4292.530007982579
442,1.4179732,14.086082,29.37919,170.65335,85.16553,-145.08868,-186.44775,85.162926,4215.6167,6.426387,2.719769,1.8798492,4280.971,4266.31017081171
443,-17.295622,3.0863938,19.608166,165.40636,84.600914,-143.68343,-189.31528,84.88563,4215.976,-2.6186843,2.1567314,3.1945982,4226.002,4195.080273613481
444,-20.932222,-1.9082919,8.245833,158.54155,83.59343,-142.25989,-192.16383,84.60833,4216.3306,-8.85923,-2.5047936,-2.6559153,4180.0356,4159.770012290978
445,-9.482078,-1.0296483,-7.428679,150.18098,82.161,-140.81908,-194.99327,84.33114,4216.682,-2.091701,-2.1156993,-1.9138687,4173.481,4156.560228697769
446,15.989954,2.6783948,-18.631819,140.45422,80.323845,-139.36185,-197.80359,84.05401,4217.03,7.8474855,2.9153461,4.299502,4199.7954,4200.539987818666
447,34.295647,3.7114236,-25.959854,129.49445,78.10422,-137.88899,-200.59451,83.77696,4217.3726,6.9714184,2.649121,0.45703185,4192.389,4203.040008565202
448,16.082563,-2.4402502,-31.708572,117.4446,75.52557,-136.40112,-203.36604,83.500046,4217.7114,-3.6548703,-1.9244467,-4.3899636,4126.379,4062.989973511081
449,-25.169344,-15.358762,-35.902958,104.46055,72.61235,-134.8988,-206.118,83.22325,4218.0464,-9.54294,-2.2545655,2.2118685,4051.309,4044.979961426493
450,-21.214355,-26.80352,-38.048763,90.71739,69.39005,-133.38257,-208.85028,82.94662,4218.377,-1.484929,0.42586392,3.3779538,4035.4504,4015.37025815355
451,-7.83331,-34.136242,-37.307823,76.41434,65.88449,-131.85278,-211.56277,82.67013,4218.704,8.00661,2.2401729,-3.5488997,4027.6782,3970.2303097640506
452,3.0039005,-36.13118,-32.96175,61.78327,62.121483,-130.30312,-214.2554,82.39383,4219.0264,5.4634233,1.2190106,-0.17843239,4021.1814,4018.429899606117
453,-1.3548512,-31.400917,-24.765287,47.09628,58.12646,-128.6943,-216.92807,82.11772,4219.3457,-3.8073854,-0.87189716,3.0548768,4001.9185,3942.5499990432945
454,-8.149832,-18.779312,-13.096986,32.664684,53.923943,-127.07265,-219.58069,81.84184,4219.6606,-6.765836,-2.0637562,-0.6260217,3991.956,3987.8898434206285
455,-4.8537693,2.6775854,-1.6353807,18.797565,49.537075,-125.5106,-222.21191,81.566185,4219.971,-0.6362503,-0.90271664,-1.6905078,4015.1084,4010.500105022618
456,16.82028,29.664673,12.244475,3.7171211,44.987152,-124.02858,-224.82097,81.29078,4220.279,5.771926,3.7785232,0.6642064,4070.3687,4076.8100952427226
457,33.956383,46.665234,25.75668,-11.564513,40.29284,-122.535866,-227.40965,81.01562,4220.5815,3.1103764,2.2829692,3.2490532,4095.4006,4119.280067266073
458,23.894049,47.49544,34.938377,-23.27275,35.469666,-120.93273,-229.978,80.74074,4220.8804,-2.5426807,-3.7024417,-2.184578,4060.8054,4037.12017446869
459,-24.454546,39.26304,39.16368,-33.521084,30.529526,-119.282684,-232.52586,80.46616,4221.176,-3.259979,-2.8521605,-2.9423654,3991.7595,3961.93990986329
460,-37.3038,24.529318,38.93386,-44.70748,25.480574,-117.62196,-235.05318,80.1919,4221.467,-0.009889693,3.9695625,4.834782,3964.7102,3959.140045135002
461,-27.81349,8.311674,34.928047,-56.705994,20.327545,-115.95091,-237.55992,79.91797,4221.754,1.7407249,3.1694713,0.045407325,3932.1643,3880.9498929242272
462,-2.3239305,-1.8188366,27.884996,-68.964066,15.072726,-114.2698,-240.04594,79.64436,4222.037,-0.61113346,-3.9131968,-4.0522394,3908.6401,3900.449878627392
463,20.824627,-7.675939,18.843231,-80.897026,9.717659,-112.578964,-242.5112,79.371124,4222.3164,-0.82052726,-2.7720556,2.9198914,3906.7373,3876.010172467133
464,30.986582,-10.69329,9.101922,-92.09859,4.2654467,-110.87861,-244.95569,79.09828,4222.5923,2.2559483,5.7806716,3.0397596,3898.4949,3907.070222400712
465,12.711323,-14.679708,-2.5015237,-102.33835,-1.0738891,-109.31872,-247.37921,78.82582,4222.864,1.4187365,2.8586118,-3.9848714,3837.4019,3790.8998325012863
466,-24.602827,-20.695902,-11.47851,-111.503456,-7.43315,-107.75394,-249.78194,78.55375,4223.1313,-3.0498946,-5.6608677,-0.99966323,3758.7249,3727.140057174442
467,-25.587934,-26.58965,-16.438751,-119.54986,-13.351899,-106.181145,-252.1636,78.28213,4223.3955,-4.30907,-3.7879589,5.203844,3738.9216,3715.6698140486938
468,-3.9051976,-30.14135,-18.95835,-126.47146,-18.35271,-104.600555,-254.52426,78.01095,4223.6553,1.9387516,6.6747622,-1.8985068,3751.4275,3717.530079574251
469,16.385395,-29.376513,-20.056067,-132.28603,-23.229712,-103.01232,-256.86383,77.74021,4223.9116,6.8112864,5.1679173,-2.8938243,3762.298,3736.739907885382
470,2.1989076,-22.457846,-19.863386,-137.02884,-28.06381,-101.41661,-259.18228,77.46995,4224.1636,1.9700681,-5.4688063,3.6484354,3735.9692,3687.009836867733
471,-18.118557,-8.656572,-18.586424,-140.80093,-32.81616,-99.742355,-261.47955,77.20019,4224.412,-6.4965706,-5.356315,0.6180111,3710.1768,3671.4399647932364
472,-20.820862,14.409164,-16.672262,-143.59895,-37.448093,-98.004326,-263.75565,76.93093,4224.6562,-6.3679957,4.7987523,-3.0690234,3731.058,3698.350191631342
473,2.9405508,38.777634,-14.739454,-145.45108,-41.92312,-96.0832,-266.0104,76.662224,4224.8975,3.4168346,6.159632,1.0486475,3789.6956,3791.920006518497
474,31.803183,50.134212,-13.410468,-146.40454,-46.208427,-94.386246,-268.24402,76.39405,4225.135,8.861446,-3.5275183,3.3842962,3823.5305,3806.910004108459
475,36.721737,47.723988,-13.145626,-146.49855,-50.27586,-92.784035,-270.45618,76.126434,4225.367,1.9688275,-4.9593263,-2.1389022,3807.6497,3797.9300951395276
476,-0.48752853,32.894028,-14.05573,-145.7627,-54.1027,-91.174995,-272.64703,75.85937,4225.5967,-8.06059,3.2223945,-2.7698479,3748.5115,3706.7400992264875
477,-28.761717,4.3672795,-15.805339,-144.21744,-57.671738,-89.55915,-274.8165,75.59292,4225.8223,-6.441055,5.0305076,4.3050823,3697.8452,3652.169815446129
478,-39.13971,-24.065752,-17.757698,-141.87213,-60.97066,-87.93653,-276.96457,75.32708,4226.044,3.946016,-3.4670625,0.5665986,3653.7097,3640.65994536244
479,-16.944504,-36.635864,-19.22248,-138.72545,-63.99197,-86.30714,-279.09122,75.06183,4226.2617,8.41293,-4.5553594,-4.8714576,3659.391,3608.3401984658744
480,7.447298,-35.69793,-19.57895,-134.76797,-66.73285,-84.673,-281.19644,74.79724,4226.476,0.52392435,4.33873,3.9943955,3694.9304,3685.409788365988
481,25.724,-29.087238,-18.301878,-130.01349,-69.193954,-83.06965,-283.2801,74.533325,4226.6865,-7.41365,5.769029,3.4097898,3715.7627,3711.9999174438376
482,26.25274,-21.183563,-15.059383,-124.48039,-71.37827,-81.459564,-285.34232,74.27007,4226.8936,-3.6240025,-3.4422798,-6.5717235,3714.8748,3689.730007380607
483,13.087837,-13.510729,-9.772264,-118.111336,-73.290474,-79.82877,-287.38306,74.007515,4227.096,5.173242,-5.863842,1.2154688,3732.82,3762.7902297361707
484,2.3405156,-7.666391,-3.4264028,-110.90094,-74.93673,-78.08438,-289.4022,73.74566,4227.295,5.9643154,2.6614635,6.547969,3754.1377,3728.580276945826
485,-18.0736,-3.6522512,3.9732285,-102.84837,-76.32436,-76.23185,-291.39984,73.48452,4227.4907,-2.5726202,6.903836,-5.3901668,3735.3594,3736.000204670486
486,-21.098429,0.5787962,13.006207,-93.9574,-77.4616,-74.265,-293.37582,73.224106,4227.682,-7.226449,-2.3774934,-3.0206306,3741.7083,3757.890136237017
487,-5.167327,7.664721,20.910221,-84.23858,-78.35714,-72.25671,-295.33023,72.96447,4227.8706,-0.16021068,-6.0896196,8.286256,3796.0967,3810.7401697432097
488,11.202039,19.119831,26.411942,-73.71685,-79.01997,-70.36615,-297.2631,72.70562,4228.0547,7.1842885,2.0120351,-1.9533856,3844.3708,3862.850059734973
489,10.806529,31.258282,28.802244,-62.441998,-79.45918,-68.54131,-299.1743,72.44754,4228.2354,3.5620675,7.47384,-6.6343822,3866.3347,3886.149830405134
490,-3.674415,39.671623,27.858469,-50.499176,-79.68367,-66.65147,-301.06387,72.19027,4228.412,-5.409011,-1.869259,6.5225115,3865.8042,3859.9502470127677
491,-6.500183,41.855843,23.772516,-38.028675,-79.70228,-64.79482,-302.9318,71.93381,4228.5854,-6.3142467,-7.5049663,3.9498727,3864.3208,3905.419979752241
492,8.369083,35.562855,17.109692,-25.266825,-79.523834,-63.200195,-304.77805,71.67821,4228.755,2.3257923,0.77995753,-9.081229,3882.7302,3893.7300271596873
493,20.110443,17.391167,8.804606,-12.582198,-79.15717,-61.676258,-306.60266,71.42347,4228.9204,7.6110907,9.802804,1.2841585,3905.3298,3911.790233391001
494,17.511002,-10.047612,-1.7577409,-0.7579723,-78.61109,-60.178787,-308.40552,71.16956,4229.083,1.4832213,-0.31556955,10.264675,3869.437,3894.440230305894
495,-19.35536,-33.342113,-11.683571,10.661255,-77.894165,-58.441235,-310.1867,70.91655,4229.2417,-6.229109,-9.372418,-10.616417,3773.6987,3750.590410284778
496,-31.132664,-43.807587,-17.646004,22.299627,-77.0149,-56.55181,-311.94626,70.66448,4229.397,-4.7799077,-1.4359593,-4.7324862,3773.3135,3796.3401735270336
497,-16.509436,-44.39738,-21.276884,33.15921,-75.981674,-54.652985,-313.68405,70.41331,4229.548,3.310685,10.669232,15.0527935,3835.6506,3813.949953336419
498,3.5448287,-38.836975,-23.190996,43.540775,-74.80244,-52.74463,-315.40015,70.16307,4229.6963,6.363069,2.2013454,-7.6267796,3842.9075,3859.3998725969223
499,6.3470483,-23.851452,-23.3804,53.635197,-73.48465,-50.82667,-317.09454,69.91379,4229.8403,-0.35037172,-9.954489,-9.945632,3850.8481,3818.200164725343
500,4.1172657,-1.27228,-21.901669,63.46607,-72.0354,-48.899097,-318.76715,69.665474,4229.9805,-5.230137,-3.1998606,16.338776,3912.2625,3958.3303342944105
501,18.585546,26.967611,-18.97336,72.95153,-70.461655,-46.96191,-320.41806,69.41817,4230.1177,-2.5341423,10.692242,-2.454937,3966.9287,4001.4801287962127
502,26.291794,44.515972,-14.973508,81.97039,-68.770004,-45.015205,-322.0473,69.17183,4230.251,3.4021146,4.323818,-12.720319,3996.4006,4008.9700641465683
503,15.119825,42.984085,-10.428625,90.39721,-66.96689,-43.059124,-323.65466,68.926544,4230.3804,3.8979537,-9.0854645,13.322388,4011.8335,4028.8403417567133
504,-4.184561,30.797503,-5.829239,98.11685,-65.05814,-41.09386,-325.24033,68.68227,4230.507,-0.64247096,-5.432689,2.2166135,3982.8386,3983.090138214925
505,-22.074213,10.584897,-2.7747347,105.018326,-63.049023,-39.119682,-326.8043,68.4391,4230.6294,-3.3789182,8.764026,-12.262469,3953.9724,3954.330213040047
506,-21.217817,-9.760432,0.52323663,110.991585,-60.94446,-37.13688,-328.34644,68.19697,4230.748,-2.445515,6.0580926,7.0028644,3963.6692,3979.8900412114344
507,-4.642652,-21.670067,3.68353,115.92373,-58.74916,-35.145794,-329.8669,67.95592,4230.8643,1.1271739,-6.6603155,6.7433453,3969.563,3962.0002308992666
508,10.502508,-23.090359,6.5381255,119.69936,-56.467815,-33.146816,-331.3656,67.71597,4230.976,3.401641,-6.0501213,-10.389521,3978.3235,4005.8800420262464
509,21.130617,-19.187828,9.274956,122.208046,-54.105255,-31.140368,-332.84262,67.47715,4231.0845,1.8545728,6.1290383,-0.12504244,4021.7578,4033.780062213808
510,15.412455,-13.344972,12.136681,123.35046,-51.666122,-29.126875,-334.29794,67.239494,4231.1895,-1.8171244,7.571189,10.454283,4037.101,4034.0200254591164
511,-14.128215,-5.7137914,15.212922,123.046394,-49.1548,-27.106865,-335.73154,67.002975,4231.291,-3.6585553,-4.616566,-8.013484,3988.4297,4012.2701091439762
512,-25.902025,3.8859906,18.473755,121.23559,-46.57587,-25.080826,-337.14337,66.7676,4231.389,-1.5136487,-7.672265,-5.1367645,3992.7273,3976.7700787228905
513,-12.083644,12.427256,21.815172,117.878746,-43.934574,-23.049353,-338.53363,66.53342,4231.4834,3.0950704,3.0774117,12.879239,4051.5884,4080.110140240131
514,17.476603,16.611824,25.045496,112.960045,-41.236862,-21.01304,-339.9022,66.30046,4231.5737,3.7288563,8.932567,-4.978861,4075.4988,4100.509657888553
515,31.233875,13.051179,27.918486,106.492,-38.489433,-18.972513,-341.2491,66.06873,4231.6616,-0.841405,-0.8323797,-7.861451,4068.1797,4080.479991847579
516,12.6372385,2.009928,30.215506,98.521904,-35.699677,-16.928455,-342.57434,65.83823,4231.7456,-4.2863684,-7.7558446,12.959061,4046.6826,4052.450083297878
517,-9.569424,-12.193131,31.736742,89.13847,-32.875584,-14.881539,-343.87796,65.60894,4231.826,-1.994989,-1.3337651,-2.8568645,3998.727,4001.5100691644348
518,-30.959608,-20.215904,32.2624,78.48336,-30.025667,-12.832506,-345.16,65.38099,4231.9033,3.4357517,7.6456146,-9.59149,3970.3262,3957.5703773010114
519,-27.934958,-19.435608,31.547695,66.75989,-27.158804,-10.782097,-346.42038,65.15427,4231.977,3.3329823,2.305812,12.733138,3982.079,3974.189923461408
520,-8.575115,-10.228049,29.397112,54.239025,-24.283808,-8.731093,-347.65918,64.92888,4232.0474,-2.0932279,-5.954768,-0.12556203,3972.9614,3977.0201688574507
521,10.8953285,7.1902347,25.71943,41.26322,-21.409206,-6.6802645,-348.87643,64.70482,4232.1143,-3.9871368,-2.8088253,-11.123246,3987.0022,3990.70996192742
522,34.39358,25.285242,20.516293,28.227985,-18.542881,-4.6304507,-350.072,64.48208,4232.1772,0.48952392,6.486163,10.943904,4049.7566,4100.960084310481
523,40.1084,32.61262,13.903236,15.523537,-15.692087,-2.5824711,-351.24612,64.26069,4232.237,5.169609,4.348574,2.895731,4041.5386,4053.7599744075897
524,9.275736,25.483496,6.076842,1.084595,-12.714075,-0.5372035,-352.39868,64.0407,4232.294,1.8249322,-4.836644,-12.222282,3957.3716,3958.370401551884
525,-29.058733,7.7287903,-4.904736,-12.97881,-9.436822,1.504474,-353.5298,63.82207,4232.347,-4.5955615,-5.517862,6.3161035,3891.6965,3890.9099086528963
526,-46.343018,-11.951514,-14.06623,-23.248915,-5.685434,3.5416837,-354.63928,63.60483,4232.397,-4.551489,3.6233735,7.125502,3849.8064,3854.8603844150307
527,-22.169157,-22.90945,-20.73214,-32.51089,-2.142573,5.573469,-355.72726,63.389038,4232.443,1.9410737,6.997475,-10.98225,3843.1704,3838.2399576555686
528,10.852838,-23.40756,-26.49806,-42.180153,0.9418032,7.598874,-356.79385,63.174667,4232.4863,6.079782,-1.5597206,0.35719973,3871.052,3889.8201673095227
529,27.89425,-18.089527,-31.50791,-51.966503,3.879179,9.616982,-357.839,62.96174,4232.526,1.8570406,-6.1887827,10.513212,3883.6565,3853.260335913285
530,9.048134,-10.8417225,-35.549393,-61.304085,6.9245996,11.626798,-358.86264,62.750286,4232.562,-4.42319,0.185997,-9.015485,3843.1016,3845.800340931152
531,-6.5086846,-2.8515787,-38.23696,-69.659744,9.9167795,13.627268,-359.86487,62.540337,4232.5947,-4.4446287,6.8161874,-4.6667466,3839.2622,3846.650119029217
532,-2.2919269,2.3364012,-39.164753,-76.67775,12.854272,15.617435,-360.84576,62.33189,4232.6245,1.434198,0.9750103,13.080621,3862.274,3848.320175156658
533,1.8999721,3.0568998,-38.077305,-82.17495,15.73598,17.59619,-361.8051,62.124947,4232.651,4.9228306,-6.1527944,-5.392859,3844.3848,3858.1899294811283
534,3.3058271,0.16284725,-34.921688,-86.09125,18.560574,19.562572,-362.74326,61.91953,4232.674,1.6969991,-2.078623,-8.852752,3843.1946,3839.850133046565
535,2.9544618,-4.767575,-29.867363,-88.43557,21.326113,21.515512,-363.65988,61.71567,4232.6934,-2.985045,7.236107,13.996451,3871.722,3878.4599990669435
536,-0.4467263,-8.483654,-23.307682,-89.25096,24.03071,23.453976,-364.5552,61.513374,4232.7104,-3.6055374,3.2288125,-1.0654737,3854.2222,3873.1601135921196
537,-8.606068,-8.7711935,-15.87243,-88.59864,26.672709,25.376907,-365.4293,61.312687,4232.723,0.45740542,-6.381295,-12.693248,3840.1907,3839.7400581633965
538,-6.2281733,-4.878646,-8.313538,-86.54219,29.25068,27.283335,-366.2819,61.113586,4232.733,3.7521365,-4.5116253,11.870667,3889.247,3906.190063634892
539,5.1842675,2.6169684,-2.9745185,-83.13623,31.763393,29.17218,-367.1132,60.916073,4232.7393,1.519902,6.588405,4.623689,3921.9004,3950.570055030992
540,4.8537693,11.795864,1.6710013,-78.428665,34.209793,31.04243,-367.92325,60.720226,4232.7427,-2.377295,6.4880786,-14.630715,3920.164,3919.830102857669
541,-4.1741624,20.030468,5.29833,-72.46718,36.58872,32.893017,-368.71185,60.52602,4232.7427,-2.9069042,-5.435867,4.6560364,3939.0393,3970.0700407341565
542,1.1154131,23.842648,6.8901525,-65.30346,38.898853,34.72284,-369.47928,60.333485,4232.7393,0.43609077,-7.29167,10.72856,3967.6328,3997.7600380446315
543,12.644487,21.689592,6.4464283,-57.005844,41.13834,36.53089,-370.22525,60.14262,4232.733,3.2639854,5.1541567,-13.884165,3978.628,4003.9502091745267
544,17.322088,13.222929,4.451668,-47.67676,43.304882,38.31607,-370.95,59.95348,4232.723,0.9985627,9.676719,-3.329809,3998.013,4015.39007163252
545,2.6557891,0.5125857,1.4287736,-37.476543,45.39585,40.077316,-371.6535,59.766033,4232.71,-2.1595552,-4.2284675,14.747215,3981.7754,4014.1598747382227
546,-22.323156,-12.860282,-2.190311,-26.65399,47.408203,41.813522,-372.3356,59.580315,4232.6934,-2.321045,-10.336345,-10.113236,3922.3613,3922.939938456961
547,-22.694868,-19.988077,-5.8237944,-15.572153,49.33868,43.523666,-372.9963,59.396378,4232.6743,0.035383236,2.7951949,-7.6153545,3943.0732,3972.9601668666432
548,0.9063977,-20.848377,-7.7867775,-4.6235304,51.18389,45.20665,-373.6359,59.214188,4232.652,1.9785564,12.590043,15.080097,4011.917,4039.3102243442213
549,19.4613,-17.88436,-8.015359,5.388175,52.94001,46.86144,-374.25406,59.033756,4232.626,0.79140145,-2.6175225,-4.1862454,4010.1445,4023.9199944790566
550,6.0580516,-13.474975,-6.741446,15.6970415,54.602905,48.48698,-374.85092,58.85513,4232.5967,-1.5186564,-12.27458,-8.881807,3998.5544,4019.550021617245
551,-0.96377355,-8.81775,-3.8643062,25.276781,56.16826,50.082237,-375.42636,58.678314,4232.5645,-1.3928546,0.8816862,10.504939,4043.6914,4061.5700075182003
552,4.4984393,-4.2381673,0.38204977,33.973312,57.631565,51.646145,-375.9805,58.503357,4232.5293,0.3118426,14.196219,0.961792,4074.4155,4094.2098521750218
553,-8.416729,-0.0104187,6.4226027,41.87309,58.988228,53.177643,-376.5132,58.330242,4232.491,0.24778813,-2.0870876,-6.8304157,4057.673,4063.850318797931
554,-14.963399,4.253432,13.487669,48.97067,60.233395,54.675735,-377.02472,58.15896,4232.449,-0.95679307,-13.31617,3.886907,4069.855,4077.1601333712
555,-4.31179,9.26037,20.74788,55.18617,61.36225,56.139393,-377.51477,57.98957,4232.4043,-0.4014308,0.31674844,3.3953276,4114.574,4148.950091574993
556,18.119198,13.212428,27.380934,60.402027,62.37011,57.567654,-377.9835,57.8221,4232.3564,1.3325604,15.343537,-3.961367,4163.9624,4195.439998331678
557,23.315962,13.63351,32.729282,64.49607,63.252533,58.959568,-378.43076,57.656494,4232.305,0.40053508,-1.3607123,0.7383387,4167.696,4182.3600201144645
558,-8.764925,9.488004,36.331116,67.36532,64.005646,60.314217,-378.8566,57.492863,4232.251,-1.9773008,-14.0666895,2.2150505,4125.797,4124.630146887622
559,-13.762753,2.27268,37.901283,68.93881,64.626564,61.63066,-379.26108,57.33115,4232.194,-1.7509177,-1.0398971,-1.9855791,4127.0947,4176.54014089155
560,-0.6100048,-4.9993367,37.32044,69.1862,65.1134,62.908043,-379.64413,57.171387,4232.1333,1.3194879,15.051667,1.2127228,4156.163,4156.850386089803
561,3.1319375,-9.457695,34.614914,68.116104,65.46576,64.14551,-380.00583,57.013626,4232.07,2.2904458,0.5096456,0.96391535,4138.8584,4156.230004048261
562,-8.138262,-8.216492,29.949007,65.77174,65.68449,65.34231,-380.34598,56.85781,4232.0034,-0.75861746,-13.2885065,-2.5644019,4102.2964,4094.360434615197
563,-9.511692,-1.4702661,23.661673,62.236958,65.771736,66.4977,-380.6647,56.704056,4231.9336,-2.453554,-2.4900455,2.2084527,4112.424,4138.899814442126
564,5.822744,7.444248,16.296715,57.627346,65.730774,67.611015,-380.9619,56.552303,4231.861,-1.4518068,13.60006,1.6637409,4141.796,4159.770012290978
565,20.690437,15.443464,8.490358,52.083775,65.56575,68.68172,-381.23764,56.40258,4231.785,1.8822696,2.8505094,-4.0797715,4138.559,4148.1100000666465
566,16.978157,17.228657,-0.63091964,45.77248,65.281555,69.70926,-381.49188,56.254917,4231.706,2.4274652,-11.2144575,2.3590877,4114.38,4136.540249246514
567,-1.7358164,10.854738,-9.521041,38.880493,64.883545,70.69313,-381.72458,56.10934,4231.624,-0.6302331,-4.3392477,3.384717,4078.4792,4081.5102927540415
568,-11.724998,-1.1691072,-14.941507,31.60442,64.37777,71.63289,-381.93573,55.96585,4231.539,-2.71125,11.309633,-5.1607256,4048.7864,4052.3501353039605
569,-11.220668,-15.379579,-18.492887,24.136179,63.770744,72.52817,-382.1254,55.824417,4231.4507,-1.7842784,4.5658054,0.42205045,4023.6956,4017.370098630965
570,-1.1089482,-23.70453,-20.972021,16.647776,63.069588,73.3786,-382.2934,55.685158,4231.36,1.7736236,-9.267729,6.5077033,4011.0757,4028.3000942301196
571,6.5377936,-26.46091,-22.292776,9.272642,62.281715,74.18393,-382.43985,55.54798,4231.266,2.6071422,-5.262507,-5.029782,4000.2117,3978.2499254522154
572,5.5280437,-24.926346,-22.34524,1.0568374,61.41486,74.943855,-382.5646,55.413002,4231.1694,-0.145824,10.067223,-3.1429207,4006.4685,4018.05036140895
573,-0.32368973,-19.58141,-21.14172,-7.7915993,60.47679,75.65824,-382.6678,55.28014,4231.0693,-2.2008402,5.7046523,8.4013,4002.8833,3997.5002613203524
574,-10.418306,-9.514789,-18.938799,-15.138402,59.47566,76.32689,-382.7493,55.1495,4230.9663,-1.7814925,-8.789372,-3.1617265,3971.4263,3971.7299699723458
575,-11.723645,7.062434,-16.235416,-20.677046,58.419575,76.94971,-382.80917,55.021008,4230.86,0.12537158,-6.6849813,-5.2966104,3985.0112,3990.840290589092
576,0.62527615,26.501587,-13.648935,-26.149828,57.316673,77.52666,-382.84732,54.894737,4230.751,1.6554496,9.16126,7.66788,4043.4546,4048.290133313153
577,18.84982,39.68902,-11.749089,-31.488462,56.175144,78.057655,-382.8638,54.77069,4230.6387,0.94887143,7.676109,0.6408533,4061.3455,4078.490278259415
578,23.10037,42.3769,-10.90861,-36.565105,55.002945,78.54285,-382.8587,54.648872,4230.5244,-0.9851663,-7.8533244,-6.6928744,4038.3328,4050.0002566980675
579,6.034418,35.510834,-11.224265,-41.236164,53.80829,78.982216,-382.83176,54.529278,4230.406,-1.7761023,-7.552024,4.26048,4018.911,4000.41020093181
580,-0.82363397,17.443926,-12.476899,-45.376442,52.59944,79.37588,-382.7833,54.411938,4230.285,-0.91159886,7.784393,4.582518,4004.1113,4017.8099578641086
581,-4.5305433,-7.57691,-14.213892,-48.896736,51.384926,79.72404,-382.71298,54.296906,4230.161,0.98813385,7.7082624,-7.4166102,3958.9158,3934.05001656498
582,-13.405757,-27.726656,-15.89446,-51.74616,50.173256,80.026985,-382.62106,54.1841,4230.034,1.1469064,-6.740216,0.8945774,3918.3257,3905.0501281447932
583,-8.273629,-34.397476,-16.960596,-53.90836,48.973022,80.28494,-382.50754,54.073605,4229.905,-0.69545037,-7.2916965,8.026914,3917.2283,3937.2901808259444
584,1.4282984,-31.835112,-16.919794,-55.394913,47.792767,80.49832,-382.37238,53.96539,4229.7715,-1.3273401,7.3599,-7.683313,3925.2832,3894.2601477970297
585,6.4781456,-24.397026,-15.427091,-56.238754,46.6405,80.66738,-382.21558,53.85945,4229.636,-0.3893261,8.039856,-2.0053961,3944.6482,3964.460184388329
586,7.5571113,-13.512803,-12.315967,-56.486973,45.523735,80.79251,-382.0372,53.75583,4229.498,0.7644999,-7.126303,9.552953,3955.9656,3958.9102087789447
587,1.5733842,1.2790414,-7.5149035,-56.195858,44.449123,80.87411,-381.83716,53.654484,4229.3564,0.25289956,-7.7234716,-5.9928813,3952.1753,3956.6202109094957
588,4.533998,13.782024,-2.6561203,-55.431057,43.42257,80.912544,-381.61557,53.55542,4229.2124,-1.5152987,7.088186,-3.686326,3987.6028,4009.080139029737
589,14.317978,18.864906,3.665525,-54.264824,42.449326,80.90827,-381.37247,53.458664,4229.065,-1.2000984,8.734778,8.990011,4023.617,4039.4903068530857
590,11.488454,15.896949,10.814601,-52.769707,41.534176,80.861755,-381.10785,53.36422,4228.915,0.96830094,-6.4976444,-3.4605668,4000.0078,4007.6601730368566
591,-14.137535,9.27085,17.211443,-51.01538,40.681255,80.773445,-380.8218,53.272026,4228.7617,1.51796,-8.237597,-4.2828,3972.994,3972.740017100305
592,-21.093573,3.5115323,22.225504,-49.067715,39.89404,80.64391,-380.51428,53.182117,4228.6055,-0.5445057,6.4937544,6.511841,3989.8481,4003.830007402106
593,-12.142534,1.2085487,25.458069,-46.986336,39.17521,80.473656,-380.18542,53.09446,4228.447,-2.2221732,8.132568,-1.2272109,3993.2256,3979.2000918437307
594,2.448389,2.616989,26.758816,-44.824535,38.52652,80.26329,-379.83533,53.009056,4228.285,-1.6554337,-6.2437096,-3.021454,3996.3276,4030.5900920995687
595,18.313374,5.816534,26.205751,-42.631264,37.948788,80.01337,-379.46408,52.92593,4228.12,1.473782,-6.863196,4.3380885,4026.1973,4057.850357066152
596,25.809168,7.9987855,23.974598,-40.446217,37.44173,79.7245,-379.07156,52.845036,4227.9526,3.5620475,8.274736,-0.6189515,4047.4465,4110.750144419537
