Date,High
2011/5/2,1370.58
2011/5/3,1360.84
2011/5/4,1355.9
2011/5/5,1348
2011/5/6,1354.36
2011/5/9,1349.44
2011/5/10,1359.44
2011/5/11,1354.51
2011/5/12,1351.05
2011/5/13,1350.47
2011/5/16,1343.33
2011/5/17,1330.42
2011/5/18,1341.82
2011/5/19,1346.82
2011/5/20,1342
2011/5/23,1333.07
2011/5/24,1323.72
2011/5/25,1325.86
2011/5/26,1328.51
2011/5/27,1334.62
2011/5/31,1345.2
2011/6/1,1345.2
2011/6/2,1318.03
2011/6/3,1312.94
2011/6/6,1300.26
2011/6/7,1296.22
2011/6/8,1287.04
2011/6/9,1294.54
2011/6/10,1288.6
2011/6/13,1277.04
2011/6/14,1292.5
2011/6/15,1287.87
2011/6/16,1274.11
2011/6/17,1279.82
2011/6/20,1280.42
2011/6/21,1297.62
2011/6/22,1298.61
2011/6/23,1286.6
2011/6/24,1283.93
2011/6/27,1284.91
2011/6/28,1296.8
2011/6/29,1309.21
2011/6/30,1321.97
2011/7/1,1341.01
2011/7/5,1340.89
2011/7/6,1340.94
2011/7/7,1356.48
2011/7/8,1352.39
2011/7/11,1343.31
2011/7/12,1327.17
2011/7/13,1331.48
2011/7/14,1326.88
2011/7/15,1317.7
2011/7/18,1315.94
2011/7/19,1328.14
2011/7/20,1330.43
2011/7/21,1347
2011/7/22,1346.1
2011/7/25,1344.32
2011/7/26,1338.51
2011/7/27,1331.91
2011/7/28,1316.32
2011/7/29,1304.16
2011/8/1,1307.38
2011/8/2,1286.56
2011/8/3,1261.2
2011/8/4,1260.23
2011/8/5,1218.11
2011/8/8,1198.48
2011/8/9,1172.88
2011/8/10,1171.77
2011/8/11,1186.29
2011/8/12,1189.04
2011/8/15,1204.49
2011/8/16,1204.22
2011/8/17,1208.47
2011/8/18,1189.62
2011/8/19,1154.54
2011/8/22,1145.49
2011/8/23,1162.35
2011/8/24,1178.56
2011/8/25,1190.68
2011/8/26,1181.23
2011/8/29,1210.28
2011/8/30,1220.1
2011/8/31,1230.71
2011/9/1,1229.29
2011/9/2,1203.9
2011/9/6,1173.97
2011/9/7,1198.62
2011/9/8,1204.4
2011/9/9,1185.37
2011/9/12,1162.52
2011/9/13,1176.41
2011/9/14,1202.38
2011/9/15,1209.11
2011/9/16,1220.06
2011/9/19,1214.99
2011/9/20,1220.39
2011/9/21,1206.3
2011/9/22,1164.55
2011/9/23,1141.72
2011/9/26,1164.19
2011/9/27,1195.86
2011/9/28,1184.71
2011/9/29,1175.87
2011/9/30,1159.93
2011/10/3,1138.99
2011/10/4,1125.12
2011/10/5,1146.07
2011/10/6,1165.55
2011/10/7,1171.4
2011/10/10,1194.91
2011/10/11,1199.24
2011/10/12,1220.25
2011/10/13,1207.46
2011/10/14,1224.61
2011/10/17,1224.47
2011/10/18,1233.1
2011/10/19,1229.64
2011/10/20,1219.53
2011/10/21,1239.03
2011/10/24,1256.55
2011/10/25,1254.19
2011/10/26,1246.28
2011/10/27,1292.66
2011/10/28,1287.08
2011/10/31,1284.96
2011/11/1,1251
2011/11/2,1242.48
2011/11/3,1263.21
2011/11/4,1260.82
2011/11/7,1261.7
2011/11/8,1277.55
2011/11/9,1275.18
2011/11/10,1246.22
2011/11/11,1266.98
2011/11/14,1263.85
2011/11/15,1264.25
2011/11/16,1259.61
2011/11/17,1237.73
2011/11/18,1223.51
2011/11/21,1215.62
2011/11/22,1196.81
2011/11/23,1187.48
2011/11/25,1172.66
2011/11/28,1197.35
2011/11/29,1203.67
2011/11/30,1247.11
2011/12/1,1251.09
2011/12/2,1260.08
2011/12/5,1266.73
2011/12/6,1266.03
2011/12/7,1267.06
2011/12/8,1260.87
2011/12/9,1258.25
2011/12/12,1255.05
2011/12/13,1249.86
2011/12/14,1225.73
2011/12/15,1225.6
2011/12/16,1231.04
2011/12/19,1224.57
2011/12/20,1242.82
2011/12/21,1245.09
2011/12/22,1255.22
2011/12/23,1265.42
2011/12/27,1269.37
2011/12/28,1265.85
2011/12/29,1263.54
2011/12/30,1264.12
2012/1/3,1284.62
2012/1/4,1278.73
2012/1/5,1283.05
2012/1/6,1281.84
2012/1/9,1281.99
2012/1/10,1296.46
2012/1/11,1293.8
2012/1/12,1296.82
2012/1/13,1294.82
2012/1/17,1303
2012/1/18,1308.11
2012/1/19,1315.49
2012/1/20,1315.38
2012/1/23,1322.28
2012/1/24,1315.96
2012/1/25,1328.3
2012/1/26,1333.47
2012/1/27,1320.06
2012/1/30,1316.16
2012/1/31,1321.41
2012/2/1,1330.52
2012/2/2,1329.19
2012/2/3,1345.34
2012/2/6,1344.36
2012/2/7,1349.24
2012/2/8,1351
2012/2/9,1354.32
2012/2/10,1351.21
2012/2/13,1353.35
2012/2/14,1351.3
2012/2/15,1355.87
2012/2/16,1359.02
2012/2/17,1363.4
2012/2/21,1367.76
2012/2/22,1362.7
2012/2/23,1364.24
2012/2/24,1368.92
2012/2/27,1371.94
2012/2/28,1373.09
2012/2/29,1378.04
2012/3/1,1376.17
2012/3/2,1374.53
2012/3/5,1369.59
2012/3/6,1363.63
2012/3/7,1354.85
2012/3/8,1368.72
2012/3/9,1374.76
2012/3/12,1373.04
2012/3/13,1396.13
2012/3/14,1399.42
2012/3/15,1402.63
2012/3/16,1405.88
2012/3/19,1414
2012/3/20,1409.59
2012/3/21,1407.75
2012/3/22,1402.89
2012/3/23,1399.18
2012/3/26,1416.58
2012/3/27,1419.15
2012/3/28,1413.65
2012/3/29,1405.39
2012/3/30,1410.89
2012/4/2,1422.38
2012/4/3,1419
2012/4/4,1413.09
2012/4/5,1401.6
2012/4/9,1397.45
2012/4/10,1383.01
2012/4/11,1374.71
2012/4/12,1388.13
2012/4/13,1387.61
2012/4/16,1379.66
2012/4/17,1392.76
2012/4/18,1390.78
2012/4/19,1390.46
2012/4/20,1387.4
2012/4/23,1378.53
2012/4/24,1375.57
2012/4/25,1391.37
2012/4/26,1402.09
2012/4/27,1406.64
2012/4/30,1403.26
2012/5/1,1415.32
2012/5/2,1405.5
2012/5/3,1403.07
2012/5/4,1391.51
2012/5/7,1373.91
2012/5/8,1369.16
2012/5/9,1363.73
2012/5/10,1365.88
2012/5/11,1365.66
2012/5/14,1351.93
2012/5/15,1344.94
2012/5/16,1341.78
2012/5/17,1326.36
2012/5/18,1312.24
2012/5/21,1316.39
2012/5/22,1328.49
2012/5/23,1320.71
2012/5/24,1324.14
2012/5/25,1324.2
2012/5/29,1334.93
2012/5/30,1331.25
2012/5/31,1319.74
2012/6/1,1309.87
2012/6/4,1282.55
2012/6/5,1287.62
2012/6/6,1315.13
2012/6/7,1329.05
2012/6/8,1325.81
2012/6/11,1335.52
2012/6/12,1324.31
2012/6/13,1327.28
2012/6/14,1333.68
2012/6/15,1343.32
2012/6/18,1348.22
2012/6/19,1363.46
2012/6/20,1361.57
2012/6/21,1358.27
2012/6/22,1337.82
2012/6/25,1334.9
2012/6/26,1324.24
2012/6/27,1334.4
2012/6/28,1331.52
2012/6/29,1362.17
2012/7/2,1366.35
2012/7/3,1374.81
2012/7/5,1373.85
2012/7/6,1367.09
2012/7/9,1354.87
2012/7/10,1361.54
2012/7/11,1345
2012/7/12,1341.29
2012/7/13,1357.7
2012/7/16,1357.26
2012/7/17,1365.36
2012/7/18,1375.26
2012/7/19,1380.39
2012/7/20,1376.51
2012/7/23,1362.34
2012/7/24,1351.53
2012/7/25,1343.98
2012/7/26,1363.13
2012/7/27,1389.19
2012/7/30,1391.74
2012/7/31,1387.16
2012/8/1,1385.03
2012/8/2,1375.13
2012/8/3,1394.16
2012/8/6,1399.63
2012/8/7,1407.14
2012/8/8,1404.14
2012/8/9,1405.95
2012/8/10,1405.98
2012/8/13,1405.87
2012/8/14,1410.03
2012/8/15,1407.73
2012/8/16,1417.44
2012/8/17,1418.71
2012/8/20,1418.13
2012/8/21,1426.68
2012/8/22,1416.12
2012/8/23,1413.49
2012/8/24,1413.46
2012/8/27,1416.17
2012/8/28,1413.63
2012/8/29,1413.95
2012/8/30,1410.08
2012/8/31,1413.09
2012/9/4,1409.31
2012/9/5,1408.81
2012/9/6,1432.12
2012/9/7,1437.92
2012/9/10,1438.74
2012/9/11,1437.76
2012/9/12,1439.15
2012/9/13,1463.76
2012/9/14,1474.51
2012/9/17,1465.63
2012/9/18,1461.47
2012/9/19,1465.15
2012/9/20,1461.23
2012/9/21,1467.07
2012/9/24,1460.72
2012/9/25,1463.24
2012/9/26,1441.6
2012/9/27,1450.2
2012/9/28,1447.13
2012/10/1,1457.14
2012/10/2,1451.52
2012/10/3,1454.3
2012/10/4,1463.14
2012/10/5,1470.96
2012/10/8,1460.93
2012/10/9,1455.9
2012/10/10,1442.52
2012/10/11,1443.9
2012/10/12,1438.43
2012/10/15,1441.31
2012/10/16,1455.51
2012/10/17,1462.2
2012/10/18,1464.02
2012/10/19,1457.34
2012/10/22,1435.46
2012/10/23,1433.74
2012/10/24,1420.04
2012/10/25,1421.12
2012/10/26,1417.09
2012/10/31,1418.76
2012/11/1,1428.35
2012/11/2,1434.27
2012/11/5,1419.9
2012/11/6,1433.38
2012/11/7,1428.27
2012/11/8,1401.23
2012/11/9,1391.39
2012/11/12,1384.87
2012/11/13,1388.81
2012/11/14,1380.13
2012/11/15,1360.62
2012/11/16,1362.03
2012/11/19,1386.89
2012/11/20,1389.77
2012/11/21,1391.25
2012/11/23,1409.16
2012/11/26,1409.15
2012/11/27,1409.01
2012/11/28,1410.31
2012/11/29,1419.7
2012/11/30,1418.86
2012/12/3,1423.73
2012/12/4,1413.14
2012/12/5,1415.56
2012/12/6,1413.95
2012/12/7,1420.34
2012/12/10,1421.64
2012/12/11,1434.27
2012/12/12,1438.59
2012/12/13,1431.36
2012/12/14,1419.45
2012/12/17,1430.67
2012/12/18,1448
2012/12/19,1447.75
2012/12/20,1443.7
2012/12/21,1443.67
2012/12/24,1430.15
2012/12/26,1429.42
2012/12/27,1422.8
2012/12/28,1418.1
2012/12/31,1426.74
2013/1/2,1462.43
2013/1/3,1465.47
2013/1/4,1467.94
2013/1/7,1466.47
2013/1/8,1461.89
2013/1/9,1464.73
2013/1/10,1472.3
2013/1/11,1472.75
2013/1/14,1472.05
2013/1/15,1473.31
2013/1/16,1473.96
2013/1/17,1485.16
2013/1/18,1485.98
2013/1/22,1492.56
2013/1/23,1496.13
2013/1/24,1502.27
2013/1/25,1503.26
2013/1/28,1503.23
2013/1/29,1509.35
2013/1/30,1509.94
2013/1/31,1504.19
2013/2/1,1514.41
2013/2/4,1513.17
2013/2/5,1514.96
2013/2/6,1512.53
2013/2/7,1512.9
2013/2/8,1518.31
2013/2/11,1518.31
2013/2/12,1522.29
2013/2/13,1524.69
2013/2/14,1523.14
2013/2/15,1524.24
2013/2/19,1530.94
2013/2/20,1530.94
2013/2/21,1511.95
2013/2/22,1515.64
2013/2/25,1525.84
2013/2/26,1498.99
2013/2/27,1520.08
2013/2/28,1525.34
2013/3/1,1519.99
2013/3/4,1525.27
2013/3/5,1543.47
2013/3/6,1545.25
2013/3/7,1545.78
2013/3/8,1552.48
2013/3/11,1556.27
2013/3/12,1556.77
2013/3/13,1556.39
2013/3/14,1563.32
2013/3/15,1563.62
2013/3/18,1560.7
2013/3/19,1557.25
2013/3/20,1561.56
2013/3/21,1558.71
2013/3/22,1557.74
2013/3/25,1564.91
2013/3/26,1563.95
2013/3/27,1564.07
2013/3/28,1570.28
2013/4/1,1570.57
2013/4/2,1573.66
2013/4/3,1571.47
2013/4/4,1562.6
2013/4/5,1559.98
2013/4/8,1563.07
2013/4/9,1573.89
2013/4/10,1589.07
2013/4/11,1597.35
2013/4/12,1593.3
2013/4/15,1588.84
2013/4/16,1575.35
2013/4/17,1574.57
2013/4/18,1554.38
2013/4/19,1555.89
2013/4/22,1565.55
2013/4/23,1579.58
2013/4/24,1583
2013/4/25,1592.64
2013/4/26,1585.78
2013/4/29,1596.65
2013/4/30,1597.57
2013/5/1,1597.55
2013/5/2,1598.6
2013/5/3,1618.46
2013/5/6,1619.77
2013/5/7,1626.03
2013/5/8,1632.78
2013/5/9,1635.01
2013/5/10,1633.7
2013/5/13,1636
2013/5/14,1651.1
2013/5/15,1661.49
2013/5/16,1660.51
2013/5/17,1667.47
2013/5/20,1672.84
2013/5/21,1674.93
2013/5/22,1687.18
2013/5/23,1655.5
2013/5/24,1649.78
2013/5/28,1674.21
2013/5/29,1656.57
2013/5/30,1661.91
2013/5/31,1658.99
2013/6/3,1640.42
2013/6/4,1646.53
2013/6/5,1629.31
2013/6/6,1622.56
2013/6/7,1644.4
2013/6/10,1648.69
2013/6/11,1640.13
2013/6/12,1637.71
2013/6/13,1639.25
2013/6/14,1640.8
2013/6/17,1646.5
2013/6/18,1654.19
2013/6/19,1652.45
2013/6/20,1624.62
2013/6/21,1599.19
2013/6/24,1588.77
2013/6/25,1593.79
2013/6/26,1606.83
2013/6/27,1620.07
2013/6/28,1615.94
2013/7/1,1626.61
2013/7/2,1624.26
2013/7/3,1618.97
2013/7/5,1632.07
2013/7/8,1644.68
2013/7/9,1654.18
2013/7/10,1657.92
2013/7/11,1676.63
2013/7/12,1680.19
2013/7/15,1684.51
2013/7/16,1683.73
2013/7/17,1684.75
2013/7/18,1693.12
2013/7/19,1692.09
2013/7/22,1697.61
2013/7/23,1698.78
2013/7/24,1698.38
2013/7/25,1690.94
2013/7/26,1691.85
2013/7/29,1690.92
2013/7/30,1693.19
2013/7/31,1698.43
2013/8/1,1707.85
2013/8/2,1709.67
2013/8/5,1709.24
2013/8/6,1705.79
2013/8/7,1695.3
2013/8/8,1700.18
2013/8/9,1699.42
2013/8/12,1691.49
2013/8/13,1696.81
2013/8/14,1695.52
2013/8/15,1679.61
2013/8/16,1663.6
2013/8/19,1659.18
2013/8/20,1658.92
2013/8/21,1656.99
2013/8/22,1659.55
2013/8/23,1664.85
2013/8/26,1669.51
2013/8/27,1652.54
2013/8/28,1641.18
2013/8/29,1646.41
2013/8/30,1640.08
2013/9/3,1651.35
2013/9/4,1655.72
2013/9/5,1659.17
2013/9/6,1664.83
2013/9/9,1672.4
2013/9/10,1684.09
2013/9/11,1689.13
2013/9/12,1689.97
2013/9/13,1688.73
2013/9/16,1704.95
2013/9/17,1705.52
2013/9/18,1729.44
2013/9/19,1729.86
2013/9/20,1725.23
2013/9/23,1711.44
2013/9/24,1707.63
2013/9/25,1701.71
2013/9/26,1703.85
2013/9/27,1695.52
2013/9/30,1687.26
2013/10/1,1696.55
2013/10/2,1693.87
2013/10/3,1692.35
2013/10/4,1691.94
2013/10/7,1687.15
2013/10/8,1676.79
2013/10/9,1662.47
2013/10/10,1692.56
2013/10/11,1703.44
2013/10/14,1711.03
2013/10/15,1711.57
2013/10/16,1721.76
2013/10/17,1733.45
2013/10/18,1745.31
2013/10/21,1747.79
2013/10/22,1759.33
2013/10/23,1752.27
2013/10/24,1753.94
2013/10/25,1759.82
2013/10/28,1764.99
2013/10/29,1772.09
2013/10/30,1775.22
2013/10/31,1768.53
2013/11/1,1765.67
2013/11/4,1768.78
2013/11/5,1767.03
2013/11/6,1773.74
2013/11/7,1774.54
2013/11/8,1770.78
2013/11/11,1773.44
2013/11/12,1771.78
2013/11/13,1782
2013/11/14,1791.53
2013/11/15,1798.22
2013/11/18,1802.33
2013/11/19,1795.51
2013/11/20,1795.73
2013/11/21,1797.16
2013/11/22,1804.84
2013/11/25,1808.1
2013/11/26,1808.42
2013/11/27,1808.27
2013/11/29,1813.55
2013/12/2,1810.02
2013/12/3,1800.1
2013/12/4,1799.8
2013/12/5,1792.82
2013/12/6,1806.04
2013/12/9,1811.52
2013/12/10,1808.52
2013/12/11,1802.97
2013/12/12,1782.99
2013/12/13,1780.92
2013/12/16,1792.22
2013/12/17,1786.77
2013/12/18,1811.08
2013/12/19,1810.88
2013/12/20,1823.75
2013/12/23,1829.75
2013/12/24,1833.32
2013/12/26,1842.84
2013/12/27,1844.89
2013/12/30,1842.47
2013/12/31,1849.44
2014/1/2,1845.86
2014/1/3,1838.24
2014/1/6,1837.16
2014/1/7,1840.1
2014/1/8,1840.02
2014/1/9,1843.23
2014/1/10,1843.15
2014/1/13,1843.45
2014/1/14,1839.26
2014/1/15,1850.84
2014/1/16,1847.99
2014/1/17,1846.04
2014/1/21,1849.31
2014/1/22,1846.87
2014/1/23,1842.29
2014/1/24,1826.96
2014/1/27,1795.98
2014/1/28,1793.87
2014/1/29,1790.15
2014/1/30,1798.77
2014/1/31,1793.88
2014/2/3,1784.83
2014/2/4,1758.73
2014/2/5,1755.79
2014/2/6,1774.06
2014/2/7,1798.03
2014/2/10,1799.94
2014/2/11,1823.54
2014/2/12,1826.55
2014/2/13,1830.25
2014/2/14,1841.65
2014/2/18,1842.87
2014/2/19,1847.5
2014/2/20,1842.79
2014/2/21,1846.13
2014/2/24,1858.71
2014/2/25,1852.91
2014/2/26,1852.65
2014/2/27,1854.53
2014/2/28,1867.92
2014/3/3,1857.68
2014/3/4,1876.23
2014/3/5,1876.53
2014/3/6,1881.94
2014/3/7,1883.57
2014/3/10,1877.87
2014/3/11,1882.35
2014/3/12,1868.38
2014/3/13,1874.4
2014/3/14,1852.44
2014/3/17,1862.3
2014/3/18,1873.76
2014/3/19,1874.14
2014/3/20,1873.49
2014/3/21,1883.97
2014/3/24,1873.34
2014/3/25,1871.87
2014/3/26,1875.92
2014/3/27,1855.55
2014/3/28,1866.63
2014/3/31,1875.18
2014/4/1,1885.84
2014/4/2,1893.17
2014/4/3,1893.8
2014/4/4,1897.28
2014/4/7,1864.04
2014/4/8,1854.95
2014/4/9,1872.43
2014/4/10,1872.53
2014/4/11,1835.07
2014/4/14,1834.19
2014/4/15,1844.02
2014/4/16,1862.31
2014/4/17,1869.63
2014/4/21,1871.89
2014/4/22,1884.89
2014/4/23,1879.75
2014/4/24,1884.06
2014/4/25,1877.72
2014/4/28,1877.01
2014/4/29,1880.6
2014/4/30,1885.2
2014/5/1,1888.59
2014/5/2,1891.33
2014/5/5,1885.51
2014/5/6,1883.69
2014/5/7,1878.83
2014/5/8,1889.07
2014/5/9,1878.57
2014/5/12,1897.13
2014/5/13,1902.17
2014/5/14,1897.13
2014/5/15,1888.16
2014/5/16,1878.28
2014/5/19,1886
2014/5/20,1884.88
2014/5/21,1888.8
2014/5/22,1896.33
2014/5/23,1901.26
2014/5/27,1912.28
2014/5/28,1914.46
2014/5/29,1920.03
2014/5/30,1924.03
2014/6/2,1925.88
2014/6/3,1925.07
2014/6/4,1928.63
2014/6/5,1941.74
2014/6/6,1949.44
2014/6/9,1955.55
2014/6/10,1950.86
2014/6/11,1949.37
2014/6/12,1943.35
2014/6/13,1937.3
2014/6/16,1941.15
2014/6/17,1943.69
2014/6/18,1957.74
2014/6/19,1959.87
2014/6/20,1963.91
2014/6/23,1963.74
2014/6/24,1968.17
2014/6/25,1960.83
2014/6/26,1959.89
2014/6/27,1961.47
2014/6/30,1964.24
2014/7/1,1978.58
2014/7/2,1976.67
2014/7/3,1985.59
2014/7/7,1984.22
2014/7/8,1976.39
2014/7/9,1974.15
2014/7/10,1969.84
2014/7/11,1968.67
2014/7/14,1979.85
2014/7/15,1982.52
2014/7/16,1983.94
2014/7/17,1981.8
2014/7/18,1979.91
2014/7/21,1976.93
2014/7/22,1986.24
2014/7/23,1989.23
2014/7/24,1991.39
2014/7/25,1984.6
2014/7/28,1981.52
2014/7/29,1984.85
2014/7/30,1978.9
2014/7/31,1965.14
2014/8/1,1937.35
2014/8/4,1942.92
2014/8/5,1936.34
2014/8/6,1927.91
2014/8/7,1928.89
2014/8/8,1932.38
2014/8/11,1944.9
2014/8/12,1939.65
2014/8/13,1948.41
2014/8/14,1955.23
2014/8/15,1964.04
2014/8/18,1971.99
2014/8/19,1982.57
2014/8/20,1988.57
2014/8/21,1994.76
2014/8/22,1993.54
2014/8/25,2001.95
2014/8/26,2005.04
2014/8/27,2002.14
2014/8/28,1998.55
2014/8/29,2003.38
2014/9/2,2006.12
2014/9/3,2009.28
2014/9/4,2011.17
2014/9/5,2007.71
2014/9/8,2007.17
2014/9/9,2001.01
2014/9/10,1996.66
2014/9/11,1997.65
2014/9/12,1996.74
2014/9/15,1987.18
2014/9/16,2002.28
2014/9/17,2010.74
2014/9/18,2012.34
2014/9/19,2019.26
2014/9/22,2009.08
2014/9/23,1995.41
2014/9/24,1999.79
2014/9/25,1997.32
2014/9/26,1986.37
2014/9/29,1981.28
2014/9/30,1985.17
2014/10/1,1971.44
2014/10/2,1952.32
2014/10/3,1971.19
2014/10/6,1977.84
2014/10/7,1962.36
2014/10/8,1970.36
2014/10/9,1967.68
2014/10/10,1936.98
2014/10/13,1912.09
2014/10/14,1898.71
2014/10/15,1874.18
2014/10/16,1876.01
2014/10/17,1898.16
2014/10/20,1905.03
2014/10/21,1942.45
2014/10/22,1949.31
2014/10/23,1961.95
2014/10/24,1965.27
2014/10/27,1964.64
2014/10/28,1985.05
2014/10/29,1991.4
2014/10/30,1999.4
2014/10/31,2018.19
2014/11/3,2024.46
2014/11/4,2015.98
2014/11/5,2023.77
2014/11/6,2031.61
2014/11/7,2034.26
2014/11/10,2038.7
2014/11/11,2041.28
2014/11/12,2040.33
2014/11/13,2046.18
2014/11/14,2042.22
2014/11/17,2043.07
2014/11/18,2056.08
2014/11/19,2052.14
2014/11/20,2053.84
2014/11/21,2071.46
2014/11/24,2070.17
2014/11/25,2074.21
2014/11/26,2073.29
2014/11/28,2075.76
2014/12/1,2065.78
2014/12/2,2068.77
2014/12/3,2076.28
2014/12/4,2077.34
2014/12/5,2079.47
2014/12/8,2075.78
2014/12/9,2060.6
2014/12/10,2058.86
2014/12/11,2055.53
2014/12/12,2032.25
2014/12/15,2018.69
2014/12/16,2016.89
2014/12/17,2016.75
2014/12/18,2061.23
2014/12/19,2077.85
2014/12/22,2078.76
2014/12/23,2086.73
2014/12/24,2087.56
2014/12/26,2092.7
2014/12/29,2093.55
2014/12/30,2088.49
2014/12/31,2085.58
2015/1/2,2072.36
2015/1/5,2054.44
2015/1/6,2030.25
2015/1/7,2029.61
2015/1/8,2064.08
2015/1/9,2064.43
2015/1/12,2049.3
2015/1/13,2056.93
2015/1/14,2018.4
2015/1/15,2021.35
2015/1/16,2020.46
2015/1/20,2028.94
2015/1/21,2038.29
2015/1/22,2064.62
2015/1/23,2062.98
2015/1/26,2057.62
2015/1/27,2047.86
2015/1/28,2042.49
2015/1/29,2024.64
2015/1/30,2023.32
2015/2/2,2021.66
2015/2/3,2050.3
2015/2/4,2054.74
2015/2/5,2063.55
2015/2/6,2072.4
2015/2/9,2056.16
2015/2/10,2070.86
2015/2/11,2073.48
2015/2/12,2088.53
2015/2/13,2097.03
2015/2/17,2101.3
2015/2/18,2100.23
2015/2/19,2102.13
2015/2/20,2110.61
2015/2/23,2110.05
2015/2/24,2117.94
2015/2/25,2119.59
2015/2/26,2113.91
2015/2/27,2112.74
2015/3/2,2117.52
2015/3/3,2115.76
2015/3/4,2107.72
2015/3/5,2104.25
2015/3/6,2100.91
2015/3/9,2083.49
2015/3/10,2076.14
2015/3/11,2050.08
2015/3/12,2066.41
2015/3/13,2064.56
2015/3/16,2081.41
2015/3/17,2080.59
2015/3/18,2106.85
2015/3/19,2098.69
2015/3/20,2113.92
2015/3/23,2114.86
2015/3/24,2107.63
2015/3/25,2097.43
2015/3/26,2067.15
2015/3/27,2062.83
2015/3/30,2088.97
2015/3/31,2084.05
2015/4/1,2067.63
2015/4/2,2072.17
2015/4/6,2086.99
2015/4/7,2089.81
2015/4/8,2086.69
2015/4/9,2093.31
2015/4/10,2102.61
2015/4/13,2107.65
2015/4/14,2098.62
2015/4/15,2111.91
2015/4/16,2111.3
2015/4/17,2102.58
2015/4/20,2103.94
2015/4/21,2109.64
2015/4/22,2109.98
2015/4/23,2120.49
2015/4/24,2120.92
2015/4/27,2125.92
2015/4/28,2116.09
2015/4/29,2113.65
2015/4/30,2105.52
2015/5/1,2108.41
2015/5/4,2120.95
2015/5/5,2115.24
2015/5/6,2098.42
2015/5/7,2092.9
2015/5/8,2117.66
2015/5/11,2117.69
2015/5/12,2105.06
2015/5/13,2110.19
2015/5/14,2121.45
2015/5/15,2123.89
2015/5/18,2131.78
2015/5/19,2133.02
2015/5/20,2134.72
2015/5/21,2134.28
2015/5/22,2132.15
2015/5/26,2125.34
2015/5/27,2126.22
2015/5/28,2122.27
2015/5/29,2120.66
2015/6/1,2119.15
2015/6/2,2117.59
2015/6/3,2121.92
2015/6/4,2112.89
2015/6/5,2100.99
2015/6/8,2093.01
2015/6/9,2085.62
2015/6/10,2108.5
2015/6/11,2115.02
2015/6/12,2107.43
2015/6/15,2091.34
2015/6/16,2097.4
2015/6/17,2106.79
2015/6/18,2126.65
2015/6/19,2121.64
2015/6/22,2129.87
2015/6/23,2128.03
2015/6/24,2125.1
2015/6/25,2116.04
2015/6/26,2108.92
2015/6/29,2098.63
2015/6/30,2074.28
2015/7/1,2082.78
2015/7/2,2085.06
2015/7/6,2078.61
2015/7/7,2083.74
2015/7/8,2077.66
2015/7/9,2074.28
2015/7/10,2081.31
2015/7/13,2100.67
2015/7/14,2111.98
2015/7/15,2114.14
2015/7/16,2124.42
2015/7/17,2128.91
2015/7/20,2132.82
2015/7/21,2128.49
2015/7/22,2118.51
2015/7/23,2116.87
2015/7/24,2106.01
2015/7/27,2078.19
2015/7/28,2095.6
2015/7/29,2110.6
2015/7/30,2110.48
2015/7/31,2114.24
2015/8/3,2105.7
2015/8/4,2102.51
2015/8/5,2112.66
2015/8/6,2103.32
2015/8/7,2082.61
2015/8/10,2105.35
2015/8/11,2102.66
2015/8/12,2089.06
2015/8/13,2092.93
2015/8/14,2092.45
2015/8/17,2102.87
2015/8/18,2103.47
2015/8/19,2096.17
2015/8/20,2076.61
2015/8/21,2034.08
2015/8/24,1965.15
2015/8/25,1948.04
2015/8/26,1943.09
2015/8/27,1989.6
2015/8/28,1993.48
2015/8/31,1986.73
2015/9/1,1970.09
2015/9/2,1948.91
2015/9/3,1975.01
2015/9/4,1947.76
2015/9/8,1970.42
2015/9/9,1988.63
2015/9/10,1965.29
2015/9/11,1961.05
2015/9/14,1963.06
2015/9/15,1983.19
2015/9/16,1997.26
2015/9/17,2020.86
2015/9/18,1989.66
2015/9/21,1979.64
2015/9/22,1961.39
2015/9/23,1949.52
2015/9/24,1937.17
2015/9/25,1952.89
2015/9/28,1929.18
2015/9/29,1899.48
2015/9/30,1920.53
2015/10/1,1927.21
2015/10/2,1951.36
2015/10/5,1989.17
2015/10/6,1991.62
2015/10/7,1999.31
2015/10/8,2016.5
2015/10/9,2020.13
2015/10/12,2018.66
2015/10/13,2022.34
2015/10/14,2009.56
2015/10/15,2024.15
2015/10/16,2033.54
2015/10/19,2034.45
2015/10/20,2039.12
2015/10/21,2037.97
2015/10/22,2055.2
2015/10/23,2079.74
2015/10/26,2075.14
2015/10/27,2070.37
2015/10/28,2090.35
2015/10/29,2092.52
2015/10/30,2094.32
2015/11/2,2106.2
2015/11/3,2116.48
2015/11/4,2114.59
2015/11/5,2108.78
2015/11/6,2101.91
2015/11/9,2096.56
2015/11/10,2083.67
2015/11/11,2086.94
2015/11/12,2072.29
2015/11/13,2044.64
2015/11/16,2053.22
2015/11/17,2066.69
2015/11/18,2085.31
2015/11/19,2086.74
2015/11/20,2097.06
2015/11/23,2095.61
2015/11/24,2094.12
2015/11/25,2093
2015/11/27,2093.29
2015/11/30,2093.81
2015/12/1,2103.37
2015/12/2,2104.27
2015/12/3,2085
2015/12/4,2093.84
2015/12/7,2090.42
2015/12/8,2073.85
2015/12/9,2080.33
2015/12/10,2067.65
2015/12/11,2047.27
2015/12/14,2022.92
2015/12/15,2053.87
2015/12/16,2076.72
2015/12/17,2076.37
2015/12/18,2040.81
2015/12/21,2022.9
2015/12/22,2042.74
2015/12/23,2064.73
2015/12/24,2067.36
2015/12/28,2057.77
2015/12/29,2081.56
2015/12/30,2077.34
2015/12/31,2062.54
2016/1/4,2038.2
2016/1/5,2021.94
2016/1/6,2011.71
2016/1/7,1985.32
2016/1/8,1960.4
2016/1/11,1935.65
2016/1/12,1947.38
2016/1/13,1950.33
2016/1/14,1934.47
2016/1/15,1916.68
2016/1/19,1901.44
2016/1/20,1876.18
2016/1/21,1889.85
2016/1/22,1908.85
2016/1/25,1906.28
2016/1/26,1906.73
2016/1/27,1916.99
2016/1/28,1902.96
2016/1/29,1940.24
2016/2/1,1947.2
2016/2/2,1935.26
2016/2/3,1918.01
2016/2/4,1927.35
2016/2/5,1913.07
2016/2/8,1873.25
2016/2/9,1868.25
2016/2/10,1881.6
2016/2/11,1847
2016/2/12,1864.78
2016/2/16,1895.77
2016/2/17,1930.68
2016/2/18,1930
2016/2/19,1918.78
2016/2/22,1946.7
2016/2/23,1942.38
2016/2/24,1932.08
2016/2/25,1951.83
2016/2/26,1962.96
2016/2/29,1958.27
2016/3/1,1978.35
2016/3/2,1986.51
2016/3/3,1993.69
2016/3/4,2009.13
2016/3/7,2006.12
2016/3/8,1996.88
2016/3/9,1992.69
2016/3/10,2005.08
2016/3/11,2022.37
2016/3/14,2024.57
2016/3/15,2015.94
2016/3/16,2032.02
2016/3/17,2046.24
2016/3/18,2052.36
2016/3/21,2053.91
2016/3/22,2056.6
2016/3/23,2048.55
2016/3/24,2036.04
2016/3/28,2042.67
2016/3/29,2055.91
2016/3/30,2072.21
2016/3/31,2067.92
2016/4/1,2075.07
2016/4/4,2074.02
2016/4/5,2062.5
2016/4/6,2067.33
2016/4/7,2063.01
2016/4/8,2060.63
2016/4/11,2062.93
2016/4/12,2065.05
2016/4/13,2083.18
2016/4/14,2087.84
2016/4/15,2083.22
2016/4/18,2094.66
2016/4/19,2104.05
2016/4/20,2111.05
2016/4/21,2103.78
2016/4/22,2094.32
2016/4/25,2089.37
2016/4/26,2096.87
2016/4/27,2099.89
2016/4/28,2099.3
2016/4/29,2073.85
2016/5/2,2083.42
2016/5/3,2077.18
2016/5/4,2060.3
2016/5/5,2060.23
2016/5/6,2057.72
2016/5/9,2064.15
2016/5/10,2084.87
2016/5/11,2083.29
2016/5/12,2073.99
2016/5/13,2066.79
2016/5/16,2071.88
2016/5/17,2065.69
2016/5/18,2060.61
2016/5/19,2044.21
2016/5/20,2058.35
2016/5/23,2055.58
2016/5/24,2079.67
2016/5/25,2094.73
2016/5/26,2094.3
2016/5/27,2099.06
2016/5/31,2103.48
2016/6/1,2100.97
2016/6/2,2105.26
2016/6/3,2104.07
2016/6/6,2113.36
2016/6/7,2119.22
2016/6/8,2120.55
2016/6/9,2117.64
2016/6/10,2109.57
2016/6/13,2098.12
2016/6/14,2081.3
2016/6/15,2085.65
2016/6/16,2079.62
2016/6/17,2078.2
2016/6/20,2100.66
2016/6/21,2093.66
2016/6/22,2099.71
2016/6/23,2113.32
2016/6/24,2103.81
2016/6/27,2031.45
2016/6/28,2036.09
2016/6/29,2073.13
2016/6/30,2098.94
2016/7/1,2108.71
2016/7/5,2095.05
2016/7/6,2100.72
2016/7/7,2109.08
2016/7/8,2131.71
2016/7/11,2143.16
2016/7/12,2155.4
2016/7/13,2156.45
2016/7/14,2168.99
2016/7/15,2169.05
2016/7/18,2168.35
2016/7/19,2164.63
2016/7/20,2175.63
2016/7/21,2174.56
2016/7/22,2175.11
2016/7/25,2173.71
2016/7/26,2173.54
2016/7/27,2174.98
2016/7/28,2172.85
2016/7/29,2177.09
2016/8/1,2178.29
2016/8/2,2170.2
2016/8/3,2163.79
2016/8/4,2168.19
2016/8/5,2182.87
2016/8/8,2185.44
2016/8/9,2187.66
2016/8/10,2183.41
2016/8/11,2188.45
2016/8/12,2186.28
2016/8/15,2193.81
2016/8/16,2186.24
2016/8/17,2183.08
2016/8/18,2187.03
2016/8/19,2185
2016/8/22,2185.15
2016/8/23,2193.42
2016/8/24,2186.66
2016/8/25,2179
2016/8/26,2187.94
2016/8/29,2183.48
2016/8/30,2182.27
2016/8/31,2173.79
2016/9/1,2173.56
2016/9/2,2184.87
2016/9/6,2186.57
2016/9/7,2187.87
2016/9/8,2184.94
2016/9/9,2169.08
2016/9/12,2163.3
2016/9/13,2150.47
2016/9/14,2141.33
2016/9/15,2151.31
2016/9/16,2146.48
2016/9/19,2153.61
2016/9/20,2150.8
2016/9/21,2165.11
2016/9/22,2179.99
2016/9/23,2173.75
2016/9/26,2158.54
2016/9/27,2161.13
2016/9/28,2172.4
2016/9/29,2172.67
2016/9/30,2175.3
2016/10/3,2164.41
2016/10/4,2165.46
2016/10/5,2163.95
2016/10/6,2162.93
2016/10/7,2165.86
2016/10/10,2169.6
2016/10/11,2161.56
2016/10/12,2145.36
2016/10/13,2138.19
2016/10/14,2149.19
2016/10/17,2135.61
2016/10/18,2144.38
2016/10/19,2148.44
2016/10/20,2147.18
2016/10/21,2142.63
2016/10/24,2154.79
2016/10/25,2151.44
2016/10/26,2145.73
2016/10/27,2147.13
2016/10/28,2140.72
2016/10/31,2133.25
2016/11/1,2131.45
2016/11/2,2111.76
2016/11/3,2102.56
2016/11/4,2099.07
2016/11/7,2132
2016/11/8,2146.87
2016/11/9,2170.1
2016/11/10,2182.3
2016/11/11,2165.92
2016/11/14,2171.36
2016/11/15,2180.84
2016/11/16,2179.22
2016/11/17,2188.06
2016/11/18,2189.89
2016/11/21,2198.7
2016/11/22,2204.8
2016/11/23,2204.72
2016/11/25,2213.35
2016/11/28,2211.14
2016/11/29,2210.46
2016/11/30,2214.1
2016/12/1,2202.6
2016/12/2,2197.95
2016/12/5,2209.42
2016/12/6,2212.78
2016/12/7,2241.63
2016/12/8,2251.69
2016/12/9,2259.8
2016/12/12,2264.03
2016/12/13,2277.53
2016/12/14,2276.2
2016/12/15,2272.12
2016/12/16,2268.05
2016/12/19,2267.47
2016/12/20,2272.56
2016/12/21,2271.23
2016/12/22,2263.18
2016/12/23,2263.79
2016/12/27,2273.82
2016/12/28,2271.31
2016/12/29,2254.51
2016/12/30,2253.58
2017/1/3,2263.88
2017/1/4,2272.82
2017/1/5,2271.5
2017/1/6,2282.1
2017/1/9,2275.49
2017/1/10,2279.27
2017/1/11,2275.32
2017/1/12,2271.78
2017/1/13,2278.68
2017/1/17,2272.08
2017/1/18,2272.01
2017/1/19,2274.33
2017/1/20,2276.96
2017/1/23,2271.78
2017/1/24,2284.63
2017/1/25,2299.55
2017/1/26,2300.99
2017/1/27,2299.02
2017/1/30,2286.01
2017/1/31,2279.09
2017/2/1,2289.14
2017/2/2,2283.97
2017/2/3,2298.31
2017/2/6,2296.18
2017/2/7,2299.4
2017/2/8,2295.91
2017/2/9,2311.08
2017/2/10,2319.23
2017/2/13,2331.58
2017/2/14,2337.58
2017/2/15,2351.3
2017/2/16,2351.31
2017/2/17,2351.16
2017/2/21,2366.71
2017/2/22,2365.13
2017/2/23,2368.26
2017/2/24,2367.34
2017/2/27,2371.54
2017/2/28,2367.79
2017/3/1,2400.98
2017/3/2,2394.75
2017/3/3,2383.89
2017/3/6,2378.8
2017/3/7,2375.12
2017/3/8,2373.09
2017/3/9,2369.08
2017/3/10,2376.86
2017/3/13,2374.42
2017/3/14,2368.55
2017/3/15,2390.01
2017/3/16,2388.1
2017/3/17,2385.71
2017/3/20,2379.55
2017/3/21,2381.93
2017/3/22,2351.81
2017/3/23,2358.92
2017/3/24,2356.22
2017/3/27,2344.9
2017/3/28,2363.78
2017/3/29,2363.36
2017/3/30,2370.42
2017/3/31,2370.35
2017/4/3,2365.87
2017/4/4,2360.53
2017/4/5,2378.36
2017/4/6,2364.16
2017/4/7,2363.76
2017/4/10,2366.37
2017/4/11,2355.22
2017/4/12,2352.72
2017/4/13,2348.26
2017/4/17,2349.14
2017/4/18,2348.35
2017/4/19,2352.63
2017/4/20,2361.37
2017/4/21,2356.18
2017/4/24,2376.98
2017/4/25,2392.48
2017/4/26,2398.16
2017/4/27,2392.1
2017/4/28,2393.68
2017/5/1,2394.49
2017/5/2,2392.93
2017/5/3,2389.82
2017/5/4,2391.43
2017/5/5,2399.29
2017/5/8,2401.36
2017/5/9,2403.87
2017/5/10,2399.74
2017/5/11,2395.72
2017/5/12,2392.44
2017/5/15,2404.05
2017/5/16,2405.77
2017/5/17,2384.87
2017/5/18,2375.74
2017/5/19,2389.06
2017/5/22,2395.46
2017/5/23,2400.85
2017/5/24,2405.58
2017/5/25,2418.71
2017/5/26,2416.68
2017/5/30,2415.26
2017/5/31,2415.99
2017/6/1,2430.06
2017/6/2,2440.23
2017/6/5,2439.55
2017/6/6,2436.21
2017/6/7,2435.28
2017/6/8,2439.27
2017/6/9,2446.2
2017/6/12,2430.38
2017/6/13,2441.49
2017/6/14,2443.75
2017/6/15,2433.95
2017/6/16,2433.15
2017/6/19,2453.82
2017/6/20,2450.66
2017/6/21,2442.23
2017/6/22,2441.62
2017/6/23,2441.4
2017/6/26,2450.42
2017/6/27,2440.15
2017/6/28,2442.97
2017/6/29,2442.73
2017/6/30,2432.71
2017/7/3,2439.17
2017/7/5,2434.9
2017/7/6,2424.28
2017/7/7,2426.92
2017/7/10,2432
2017/7/11,2429.3
2017/7/12,2445.76
2017/7/13,2449.32
2017/7/14,2463.54
2017/7/17,2462.82
2017/7/18,2460.92
2017/7/19,2473.83
2017/7/20,2477.62
2017/7/21,2472.54
2017/7/24,2473.1
2017/7/25,2481.24
2017/7/26,2481.69
2017/7/27,2484.04
2017/7/28,2473.53
2017/7/31,2477.96
2017/8/1,2478.51
2017/8/2,2480.38
2017/8/3,2476.03
2017/8/4,2480
2017/8/7,2480.95
2017/8/8,2490.87
2017/8/9,2474.41
2017/8/10,2465.38
2017/8/11,2448.09
2017/8/14,2468.22
2017/8/15,2468.9
2017/8/16,2474.93
2017/8/17,2465.02
2017/8/18,2440.27
2017/8/21,2430.58
2017/8/22,2454.77
2017/8/23,2448.91
2017/8/24,2450.39
2017/8/25,2453.96
2017/8/28,2449.12
2017/8/29,2449.19
2017/8/30,2460.31
2017/8/31,2475.01
2017/9/1,2480.38
2017/9/5,2471.97
2017/9/6,2469.64
2017/9/7,2468.62
2017/9/8,2467.11
2017/9/11,2488.95
2017/9/12,2496.77
2017/9/13,2498.37
2017/9/14,2498.43
2017/9/15,2500.23
2017/9/18,2508.32
2017/9/19,2507.84
2017/9/20,2508.85
2017/9/21,2507.16
2017/9/22,2503.47
2017/9/25,2502.54
2017/9/26,2503.51
2017/9/27,2511.75
2017/9/28,2510.81
2017/9/29,2519.44
2017/10/2,2529.23
2017/10/3,2535.13
2017/10/4,2540.53
2017/10/5,2552.51
2017/10/6,2549.41
2017/10/9,2551.82
2017/10/10,2555.23
2017/10/11,2555.24
2017/10/12,2555.33
2017/10/13,2557.65
2017/10/16,2559.47
2017/10/17,2559.71
2017/10/18,2564.11
2017/10/19,2562.36
2017/10/20,2575.44
2017/10/23,2578.29
2017/10/24,2572.18
2017/10/25,2567.4
2017/10/26,2567.07
2017/10/27,2582.98
2017/10/30,2580.03
2017/10/31,2578.29
2017/11/1,2588.4
2017/11/2,2581.11
2017/11/3,2588.42
2017/11/6,2593.38
2017/11/7,2597.02
2017/11/8,2595.47
2017/11/9,2586.5
2017/11/10,2583.81
2017/11/13,2587.66
2017/11/14,2579.66
2017/11/15,2572.84
2017/11/16,2590.09
2017/11/17,2583.96
2017/11/20,2584.64
2017/11/21,2601.19
2017/11/22,2600.94
2017/11/24,2604.21
2017/11/27,2606.41
2017/11/28,2627.69
2017/11/29,2634.89
2017/11/30,2657.74
2017/12/1,2650.62
2017/12/4,2665.19
2017/12/5,2648.72
2017/12/6,2634.41
2017/12/7,2640.99
2017/12/8,2651.65
2017/12/11,2660.33
2017/12/12,2669.72
2017/12/13,2671.88
2017/12/14,2668.09
2017/12/15,2679.63
2017/12/18,2694.97
2017/12/19,2694.44
2017/12/20,2691.01
2017/12/21,2692.64
2017/12/22,2685.35
2017/12/26,2682.74
2017/12/27,2685.64
2017/12/28,2687.66
2017/12/29,2692.12
2018/1/2,2695.89
2018/1/3,2714.37
2018/1/4,2729.29
2018/1/5,2743.45
2018/1/8,2748.51
2018/1/9,2759.14
2018/1/10,2750.8
2018/1/11,2767.56
2018/1/12,2787.85
2018/1/16,2807.54
2018/1/17,2807.04
2018/1/18,2805.83
2018/1/19,2810.33
2018/1/22,2833.03
2018/1/23,2842.24
2018/1/24,2852.97
2018/1/25,2848.56
2018/1/26,2872.87
2018/1/29,2870.62
2018/1/30,2837.75
2018/1/31,2839.26
2018/2/1,2835.96
2018/2/2,2808.92
2018/2/5,2763.39
2018/2/6,2701.04
2018/2/7,2727.67
2018/2/8,2685.27
2018/2/9,2638.67
2018/2/12,2672.61
2018/2/13,2668.84
2018/2/14,2702.1
2018/2/15,2731.51
2018/2/16,2754.42
2018/2/20,2737.6
2018/2/21,2747.75
2018/2/22,2731.26
2018/2/23,2747.76
2018/2/26,2780.64
2018/2/27,2789.15
2018/2/28,2761.52
2018/3/1,2730.89
2018/3/2,2696.25
2018/3/5,2728.09
2018/3/6,2732.08
2018/3/7,2730.6
2018/3/8,2740.45
2018/3/9,2786.57
2018/3/12,2796.98
2018/3/13,2801.9
2018/3/14,2777.11
2018/3/15,2763.03
2018/3/16,2761.85
2018/3/19,2741.38
2018/3/20,2724.22
2018/3/21,2739.14
2018/3/22,2695.68
2018/3/23,2657.67
2018/3/26,2661.36
2018/3/27,2674.78
2018/3/28,2632.65
2018/3/29,2659.07
2018/4/2,2638.3
2018/4/3,2619.14
2018/4/4,2649.86
2018/4/5,2672.08
2018/4/6,2656.88
2018/4/9,2653.55
2018/4/10,2665.45
2018/4/11,2661.43
2018/4/12,2674.72
2018/4/13,2680.26
2018/4/16,2686.49
2018/4/17,2713.34
2018/4/18,2717.49
2018/4/19,2702.84
2018/4/20,2693.94
2018/4/23,2682.86
2018/4/24,2683.55
2018/4/25,2645.3
2018/4/26,2676.48
2018/4/27,2677.35
2018/4/30,2682.92
2018/5/1,2655.27
2018/5/2,2660.87
2018/5/3,2637.14
2018/5/4,2670.93
2018/5/7,2683.35
2018/5/8,2676.34
2018/5/9,2701.27
2018/5/10,2726.11
2018/5/11,2732.86
2018/5/14,2742.1
2018/5/15,2718.59
2018/5/16,2727.76
2018/5/17,2731.96
2018/5/18,2719.5
2018/5/21,2739.19
2018/5/22,2742.24
2018/5/23,2733.33
2018/5/24,2731.97
2018/5/25,2727.36
2018/5/29,2710.67
2018/5/30,2729.34
2018/5/31,2722.5
2018/6/1,2736.93
2018/6/4,2749.16
2018/6/5,2752.61
2018/6/6,2772.39
2018/6/7,2779.9
2018/6/8,2779.39
2018/6/11,2790.21
2018/6/12,2789.8
2018/6/13,2791.47
2018/6/14,2789.06
2018/6/15,2782.81
2018/6/18,2774.99
2018/6/19,2765.05
2018/6/20,2774.86
2018/6/21,2769.28
2018/6/22,2764.17
2018/6/25,2742.94
2018/6/26,2732.91
2018/6/27,2746.09
2018/6/28,2724.34
2018/6/29,2743.26
2018/7/2,2727.26
2018/7/3,2736.58
2018/7/5,2737.83
2018/7/6,2764.41
2018/7/9,2784.65
2018/7/10,2795.58
2018/7/11,2785.91
2018/7/12,2799.22
2018/7/13,2804.53
2018/7/16,2803.71
2018/7/17,2814.19
2018/7/18,2816.76
2018/7/19,2812.05
2018/7/20,2809.7
2018/7/23,2808.61
2018/7/24,2829.99
2018/7/25,2848.03
2018/7/26,2845.57
2018/7/27,2843.17
2018/7/30,2821.74
2018/7/31,2824.46
2018/8/1,2825.83
2018/8/2,2829.91
2018/8/3,2840.38
2018/8/6,2853.29
2018/8/7,2863.43
2018/8/8,2862.44
2018/8/9,2862.48
2018/8/10,2842.2
2018/8/13,2843.4
2018/8/14,2843.11
2018/8/15,2827.95
2018/8/16,2850.49
2018/8/17,2855.63
2018/8/20,2859.76
2018/8/21,2873.23
2018/8/22,2867.54
2018/8/23,2868.78
2018/8/24,2876.16
2018/8/27,2898.25
2018/8/28,2903.77
2018/8/29,2916.5
2018/8/30,2912.46
2018/8/31,2906.32
2018/9/4,2900.18
2018/9/5,2894.21
2018/9/6,2892.05
2018/9/7,2883.81
2018/9/10,2886.93
2018/9/11,2892.52
2018/9/12,2894.65
2018/9/13,2906.76
2018/9/14,2908.3
2018/9/17,2904.65
2018/9/18,2911.17
2018/9/19,2912.36
2018/9/20,2934.8
2018/9/21,2940.91
2018/9/24,2923.79
2018/9/25,2923.95
2018/9/26,2931.15
2018/9/27,2927.22
2018/9/28,2920.53
2018/10/1,2937.06
2018/10/2,2931.42
2018/10/3,2939.86
2018/10/4,2919.78
2018/10/5,2909.64
2018/10/8,2889.45
2018/10/9,2894.83
2018/10/10,2874.02
2018/10/11,2795.14
2018/10/12,2775.77
2018/10/15,2775.99
2018/10/16,2813.46
2018/10/17,2816.94
2018/10/18,2806.04
2018/10/19,2797.77
2018/10/22,2778.94
2018/10/23,2753.59
2018/10/24,2742.59
2018/10/25,2722.7
2018/10/26,2692.38
2018/10/29,2706.85
2018/10/30,2685.43
2018/10/31,2736.69
2018/11/1,2741.67
2018/11/2,2756.55
2018/11/5,2744.27
2018/11/6,2756.82
2018/11/7,2815.15
2018/11/8,2814.75
2018/11/9,2794.1
2018/11/12,2775.99
2018/11/13,2754.6
2018/11/14,2746.8
2018/11/15,2735.38
2018/11/16,2746.75
2018/11/19,2733.16
2018/11/20,2669.44
2018/11/21,2670.73
2018/11/23,2647.55
2018/11/26,2674.35
2018/11/27,2682.53
2018/11/28,2744
2018/11/29,2753.75
2018/11/30,2760.88
2018/12/3,2800.18
2018/12/4,2785.93
2018/12/6,2696.15
2018/12/7,2708.54
2018/12/10,2647.51
2018/12/11,2674.35
2018/12/12,2685.44
2018/12/13,2670.19
2018/12/14,2635.07
2018/12/17,2601.13
2018/12/18,2573.99
2018/12/19,2585.29
2018/12/20,2509.63
2018/12/21,2504.41
2018/12/24,2410.34
2018/12/26,2467.76
2018/12/27,2489.1
2018/12/28,2520.27
2018/12/31,2509.24
2019/1/2,2519.49
2019/1/3,2493.14
2019/1/4,2538.07
2019/1/7,2566.16
2019/1/8,2579.82
2019/1/9,2595.32
2019/1/10,2597.82
2019/1/11,2596.27
2019/1/14,2589.32
2019/1/15,2613.08
2019/1/16,2625.76
2019/1/17,2645.06
2019/1/18,2675.47
2019/1/22,2657.88
2019/1/23,2653.19
2019/1/24,2647.2
2019/1/25,2672.38
2019/1/28,2644.97
2019/1/29,2650.93
2019/1/30,2690.44
2019/1/31,2708.95
2019/2/1,2716.66
2019/2/4,2724.99
2019/2/5,2738.98
2019/2/6,2738.08
2019/2/7,2719.32
2019/2/8,2708.07
2019/2/11,2718.05
2019/2/12,2748.19
2019/2/13,2761.85
2019/2/14,2757.9
2019/2/15,2775.66
2019/2/19,2787.33
2019/2/20,2789.88
2019/2/21,2781.58
2019/2/22,2794.2
2019/2/25,2813.49
2019/2/26,2803.12
2019/2/27,2795.76
2019/2/28,2793.73
2019/3/1,2808.02
2019/3/4,2816.88
2019/3/5,2796.44
2019/3/6,2790.27
2019/3/7,2767.25
2019/3/8,2744.13
2019/3/11,2784
2019/3/12,2798.32
2019/3/13,2821.24
2019/3/14,2815
2019/3/15,2830.73
2019/3/18,2835.41
2019/3/19,2852.42
2019/3/20,2843.54
2019/3/21,2860.31
2019/3/22,2846.16
2019/3/25,2809.79
2019/3/26,2829.87
2019/3/27,2825.56
2019/3/28,2819.71
2019/3/29,2836.03
2019/4/1,2869.4
2019/4/2,2872.9
2019/4/3,2885.25
2019/4/4,2881.28
2019/4/5,2893.24
2019/4/8,2895.95
2019/4/9,2886.88
2019/4/10,2889.71
2019/4/11,2893.42
2019/4/12,2910.54
2019/4/15,2909.6
2019/4/16,2916.06
2019/4/17,2918
2019/4/18,2908.4
2019/4/22,2909.51
2019/4/23,2936.31
2019/4/24,2936.83
2019/4/25,2933.1
2019/4/26,2939.88
2019/4/29,2949.52
2019/4/30,2948.22
2019/5/1,2954.13
2019/5/2,2931.68
2019/5/3,2947.85
2019/5/6,2937.32
2019/5/7,2913.03
2019/5/8,2897.96
2019/5/9,2875.97
2019/5/10,2891.31
2019/5/13,2840.19
2019/5/14,2852.54
2019/5/15,2858.68
2019/5/16,2892.15
2019/5/17,2885.48
2019/5/20,2853.86
2019/5/21,2868.88
2019/5/22,2865.47
2019/5/23,2836.7
2019/5/24,2841.36
2019/5/28,2840.51
2019/5/29,2792.03
2019/5/30,2799
2019/5/31,2768.98
2019/6/3,2763.07
2019/6/4,2804.49
2019/6/5,2827.28
2019/6/6,2852.1
2019/6/7,2884.97
2019/6/10,2904.77
2019/6/11,2910.61
2019/6/12,2888.57
2019/6/13,2895.24
2019/6/14,2894.45
2019/6/17,2897.27
2019/6/18,2930.79
2019/6/19,2931.74
2019/6/20,2958.06
2019/6/21,2964.15
2019/6/24,2954.92
2019/6/25,2946.52
2019/6/26,2932.59
2019/6/27,2929.3
2019/6/28,2943.98
2019/7/1,2977.93
2019/7/2,2973.21
2019/7/3,2995.84
2019/7/5,2994.03
2019/7/8,2980.76
2019/7/9,2981.9
2019/7/10,3002.98
2019/7/11,3002.33
2019/7/12,3013.92
2019/7/15,3017.8
2019/7/16,3015.02
2019/7/17,3005.26
2019/7/18,2998.28
2019/7/19,3006.02
2019/7/22,2990.71
2019/7/23,3005.9
2019/7/24,3019.59
2019/7/25,3016.31
2019/7/26,3027.98
2019/7/29,3025.61
2019/7/30,3017.19
2019/7/31,3017.4
2019/8/1,3013.59
2019/8/2,2945.5
2019/8/5,2898.07
2019/8/6,2884.4
2019/8/7,2892.17
2019/8/8,2938.72
2019/8/9,2935.75
2019/8/12,2907.58
2019/8/13,2943.31
2019/8/14,2894.15
2019/8/15,2856.67
2019/8/16,2893.63
2019/8/19,2931
2019/8/20,2923.63
2019/8/21,2928.73
2019/8/22,2939.08
2019/8/23,2927.01
2019/8/26,2879.27
2019/8/27,2898.79
2019/8/28,2890.03
2019/8/29,2930.5
2019/8/30,2940.43
2019/9/3,2914.39
2019/9/4,2938.84
2019/9/5,2985.86
2019/9/6,2985.03
2019/9/9,2989.43
2019/9/10,2979.39
2019/9/11,3000.93
2019/9/12,3020.74
2019/9/13,3017.33
2019/9/16,3002.19
2019/9/17,3006.21
2019/9/18,3007.83
2019/9/19,3021.99
2019/9/20,3016.37
2019/9/23,2999.15
2019/9/24,3007.98
2019/9/25,2989.82
2019/9/26,2987.28
2019/9/27,2987.31
2019/9/30,2983.85
2019/10/1,2992.53
2019/10/2,2924.78
2019/10/3,2911.13
2019/10/4,2953.74
2019/10/7,2959.75
2019/10/8,2925.47
2019/10/9,2929.32
2019/10/10,2948.46
2019/10/11,2993.28
2019/10/14,2972.84
2019/10/15,3003.28
2019/10/16,2997.54
2019/10/17,3008.29
2019/10/18,3000
2019/10/21,3007.33
2019/10/22,3014.57
2019/10/23,3004.78
2019/10/24,3016.07
2019/10/25,3027.39
2019/10/28,3044.08
2019/10/29,3047.87
2019/10/30,3050.1
2019/10/31,3046.9
2019/11/1,3066.95
2019/11/4,3085.2
2019/11/5,3083.95
2019/11/6,3078.34
2019/11/7,3097.77
2019/11/8,3093.09
2019/11/11,3088.33
2019/11/12,3102.61
2019/11/13,3098.06
2019/11/14,3098.2
2019/11/15,3120.46
2019/11/18,3124.17
2019/11/19,3127.64
2019/11/20,3118.97
2019/11/21,3110.11
2019/11/22,3112.87
2019/11/25,3133.83
2019/11/26,3142.69
2019/11/27,3154.26
2019/11/29,3150.3
2019/12/2,3144.31
2019/12/3,3094.97
2019/12/4,3119.38
2019/12/5,3119.45
2019/12/6,3150.6
2019/12/9,3148.87
2019/12/10,3142.12
2019/12/11,3143.98
2019/12/12,3176.28
2019/12/13,3182.68
2019/12/16,3197.71
2019/12/17,3198.22
2019/12/18,3198.48
2019/12/19,3205.48
2019/12/20,3225.65
2019/12/23,3227.78
2019/12/24,3226.43
2019/12/26,3240.08
2019/12/27,3247.93
2019/12/30,3240.92
2019/12/31,3231.72
2020/1/2,3258.14
2020/1/3,3246.15
2020/1/6,3246.84
2020/1/7,3244.91
2020/1/8,3267.07
2020/1/9,3275.58
2020/1/10,3282.99
2020/1/13,3288.13
2020/1/14,3294.25
2020/1/15,3298.66
2020/1/16,3317.11
2020/1/17,3329.88
2020/1/21,3329.79
2020/1/22,3337.77
2020/1/23,3326.88
2020/1/24,3333.18
2020/1/27,3258.85
2020/1/28,3285.78
2020/1/29,3293.47
2020/1/30,3285.91
2020/1/31,3282.33
2020/2/3,3268.44
2020/2/4,3306.92
2020/2/5,3337.58
2020/2/6,3347.96
2020/2/7,3341.42
2020/2/10,3352.26
2020/2/11,3375.63
2020/2/12,3381.47
2020/2/13,3385.09
2020/2/14,3380.69
2020/2/18,3375.01
2020/2/19,3393.52
2020/2/20,3389.15
2020/2/21,3360.76
2020/2/24,3259.81
2020/2/25,3246.99
2020/2/26,3182.51
2020/2/27,3097.07
2020/2/28,2959.72
2020/3/2,3090.96
2020/3/3,3136.72
2020/3/4,3130.97
2020/3/5,3083.04
2020/3/6,2985.93
2020/3/9,2863.89
2020/3/10,2882.59
2020/3/11,2825.6
2020/3/12,2660.95
2020/3/13,2711.33
2020/3/16,2562.98
2020/3/17,2553.93
2020/3/18,2453.57
2020/3/19,2466.97
2020/3/20,2453.01
2020/3/23,2300.73
2020/3/24,2449.71
2020/3/25,2571.42
2020/3/26,2637.01
2020/3/27,2615.91
2020/3/30,2631.8
2020/3/31,2641.39
2020/4/1,2522.75
2020/4/2,2533.22
2020/4/3,2538.18
2020/4/6,2676.85
2020/4/7,2756.89
2020/4/8,2760.75
2020/4/9,2818.57
2020/4/13,2782.46
2020/4/14,2851.85
2020/4/15,2801.88
2020/4/16,2806.51
2020/4/17,2879.22
2020/4/20,2868.98
2020/4/21,2785.54
2020/4/22,2815.1
2020/4/23,2844.9
2020/4/24,2842.71
2020/4/27,2887.72
2020/4/28,2921.15
2020/4/29,2954.86
2020/4/30,2930.91
2020/5/1,2869.09
2020/5/4,2844.24
2020/5/5,2898.23
2020/5/6,2891.11
2020/5/7,2901.92
2020/5/8,2932.16
2020/5/11,2944.25
2020/5/12,2945.82
2020/5/13,2874.14
2020/5/14,2852.8
2020/5/15,2865.01
2020/5/18,2968.09
2020/5/19,2964.21
2020/5/20,2980.29
2020/5/21,2978.5
2020/5/22,2956.76
2020/5/26,3021.72
2020/5/27,3036.25
2020/5/28,3068.67
2020/5/29,3049.17
2020/6/1,3062.18
2020/6/2,3081.07
2020/6/3,3130.94
2020/6/4,3128.91
2020/6/5,3211.72
2020/6/8,3233.13
2020/6/9,3222.71
2020/6/10,3223.27
2020/6/11,3123.53
2020/6/12,3088.42
2020/6/15,3079.76
2020/6/16,3153.45
2020/6/17,3141.16
2020/6/18,3120
2020/6/19,3155.53
2020/6/22,3120.92
2020/6/23,3154.9
2020/6/24,3115.01
2020/6/25,3086.25
2020/6/26,3073.73
2020/6/29,3053.89
2020/6/30,3111.51
2020/7/1,3128.44
2020/7/2,3165.81
2020/7/6,3182.59
2020/7/7,3184.15
2020/7/8,3171.8
2020/7/9,3179.78
2020/7/10,3186.82
2020/7/13,3235.32
2020/7/14,3200.95
2020/7/15,3238.28
2020/7/16,3220.39
2020/7/17,3233.52
2020/7/20,3258.61
2020/7/21,3277.29
2020/7/22,3279.32
2020/7/23,3279.99
2020/7/24,3227.26
2020/7/27,3241.43
2020/7/28,3243.72
2020/7/29,3264.74
2020/7/30,3250.92
2020/7/31,3272.17
2020/8/3,3302.73
2020/8/4,3306.84
2020/8/5,3330.77
2020/8/6,3351.03
2020/8/7,3352.54
2020/8/10,3363.29
2020/8/11,3381.01
2020/8/12,3387.89
2020/8/13,3387.24
2020/8/14,3378.51
2020/8/17,3387.59
2020/8/18,3395.06
2020/8/19,3399.54
2020/8/20,3390.8
2020/8/21,3399.96
2020/8/24,3432.09
2020/8/25,3444.21
2020/8/26,3481.07
2020/8/27,3501.38
2020/8/28,3509.23
2020/8/31,3514.77
2020/9/1,3528.03
2020/9/2,3588.11
2020/9/3,3564.85
2020/9/4,3479.15
2020/9/8,3379.97
2020/9/9,3424.77
2020/9/10,3425.55
2020/9/11,3368.95
2020/9/14,3402.93
2020/9/15,3419.48
2020/9/16,3428.92
2020/9/17,3375.17
2020/9/18,3362.27
2020/9/21,3285.57
2020/9/22,3320.31
2020/9/23,3323.35
2020/9/24,3278.7
2020/9/25,3306.88
2020/9/28,3360.74
2020/9/29,3357.92
2020/9/30,3393.56
2020/10/1,3397.18
2020/10/2,3369.1
2020/10/5,3409.57
2020/10/6,3431.56
2020/10/7,3426.26
2020/10/8,3447.28
2020/10/9,3482.34
2020/10/12,3549.85
2020/10/13,3534.01
2020/10/14,3527.94
2020/10/15,3489.08
2020/10/16,3515.76
2020/10/19,3502.42
2020/10/20,3476.93
2020/10/21,3464.86
2020/10/22,3460.53
2020/10/23,3466.46
2020/10/26,3441.42
2020/10/27,3409.51
2020/10/28,3342.48
2020/10/29,3341.05
2020/10/30,3304.93
2020/11/2,3330.14
2020/11/3,3389.49
2020/11/4,3486.25
2020/11/5,3529.05
2020/11/6,3521.58
2020/11/9,3645.99
2020/11/10,3557.22
2020/11/11,3581.16
2020/11/12,3569.02
2020/11/13,3593.66
2020/11/16,3628.51
2020/11/17,3623.11
2020/11/18,3619.09
2020/11/19,3585.22
2020/11/20,3581.23
2020/11/23,3589.81
2020/11/24,3642.31
2020/11/25,3635.5
2020/11/27,3644.31
2020/11/30,3634.18
2020/12/1,3678.45
2020/12/2,3670.96
2020/12/3,3682.73
2020/12/4,3699.2
2020/12/7,3697.41
2020/12/8,3708.45
2020/12/9,3712.39
2020/12/10,3678.49
2020/12/11,3665.91
2020/12/14,3697.61
2020/12/15,3695.29
2020/12/16,3711.27
2020/12/17,3725.12
2020/12/18,3726.7
2020/12/21,3702.9
2020/12/22,3698.26
2020/12/23,3711.24
2020/12/24,3703.82
2020/12/28,3740.51
2020/12/29,3756.12
2020/12/30,3744.63
2020/12/31,3760.2
2021/1/4,3769.99
2021/1/5,3737.83
2021/1/6,3783.04
2021/1/7,3811.55
2021/1/8,3826.69
2021/1/11,3817.86
2021/1/12,3810.78
2021/1/13,3820.96
2021/1/14,3823.6
2021/1/15,3788.73
2021/1/19,3804.53
2021/1/20,3859.75
2021/1/21,3861.45
2021/1/22,3852.31
2021/1/25,3859.23
2021/1/26,3870.9
2021/1/27,3836.83
2021/1/28,3830.5
2021/1/29,3778.05
2021/2/1,3784.32
2021/2/2,3843.09
2021/2/3,3847.51
2021/2/4,3872.42
2021/2/5,3894.56
2021/2/8,3915.77
2021/2/9,3918.35
2021/2/10,3931.5
2021/2/11,3925.99
2021/2/12,3937.23
2021/2/16,3950.43
2021/2/17,3933.61
2021/2/18,3921.98
2021/2/19,3930.41
2021/2/22,3902.92
2021/2/23,3895.98
2021/2/24,3928.65
2021/2/25,3925.02
2021/2/26,3861.08
2021/3/1,3914.5
2021/3/2,3906.41
2021/3/3,3874.47
2021/3/4,3843.67
2021/3/5,3851.69
2021/3/8,3881.06
2021/3/9,3903.76
2021/3/10,3917.35
2021/3/11,3960.27
2021/3/12,3944.99
2021/3/15,3970.08
2021/3/16,3981.04
2021/3/17,3983.87
2021/3/18,3969.62
2021/3/19,3930.12
2021/3/22,3955.31
2021/3/23,3949.13
2021/3/24,3942.08
2021/3/25,3919.54
2021/3/26,3978.19
2021/3/29,3981.83
2021/3/30,3968.01
2021/3/31,3994.41
2021/4/1,4020.63
2021/4/5,4083.42
2021/4/6,4086.23
2021/4/7,4083.13
2021/4/8,4098.19
2021/4/9,4129.48
2021/4/12,4131.76
2021/4/13,4148
2021/4/14,4151.69
2021/4/15,4173.49
2021/4/16,4191.31
2021/4/19,4180.81
2021/4/20,4159.18
2021/4/21,4175.02
2021/4/22,4179.57
2021/4/23,4194.17
2021/4/26,4194.19
2021/4/27,4193.35
2021/4/28,4201.53
2021/4/29,4218.78
2021/4/30,4198.1
2021/5/3,4209.39
2021/5/4,4179.04
2021/5/5,4187.72
2021/5/6,4202.7
2021/5/7,4238.04
2021/5/10,4236.39
2021/5/11,4162.04
2021/5/12,4134.73
2021/5/13,4131.58
2021/5/14,4183.13
2021/5/17,4171.92
2021/5/18,4169.15
2021/5/19,4116.93
2021/5/20,4172.8
2021/5/21,4188.72
2021/5/24,4209.52
2021/5/25,4213.42
2021/5/26,4202.61
2021/5/27,4213.38
2021/5/28,4218.36
2021/6/1,4234.12
2021/6/2,4217.37
2021/6/3,4204.39
2021/6/4,4233.45
2021/6/7,4232.34
2021/6/8,4236.74
2021/6/9,4237.09
2021/6/10,4249.74
2021/6/11,4248.38
2021/6/14,4255.59
2021/6/15,4257.16
2021/6/16,4251.89
2021/6/17,4232.29
2021/6/18,4204.78
2021/6/21,4226.24
2021/6/22,4255.84
2021/6/23,4256.6
2021/6/24,4271.28
2021/6/25,4286.12
2021/6/28,4292.14
2021/6/29,4300.52
2021/6/30,4302.43
2021/7/1,4320.66
2021/7/2,4355.43
2021/7/6,4356.46
2021/7/7,4361.88
2021/7/8,4330.88
2021/7/9,4371.6
2021/7/12,4386.68
2021/7/13,4392.37
2021/7/14,4393.68
2021/7/15,4369.02
2021/7/16,4375.09
2021/7/19,4296.4
2021/7/20,4336.84
2021/7/21,4359.7
2021/7/22,4369.31
2021/7/23,4415.18
2021/7/26,4422.73
2021/7/27,4416.38
2021/7/28,4415.47
2021/7/29,4429.97
2021/7/30,4412.25
2021/8/2,4422.18
2021/8/3,4423.79
2021/8/4,4416.17
2021/8/5,4429.76
2021/8/6,4440.82
2021/8/9,4439.39
2021/8/10,4445.21
2021/8/11,4449.44
2021/8/12,4461.77
2021/8/13,4468.37
2021/8/16,4480.26
2021/8/17,4462.12
2021/8/18,4454.32
2021/8/19,4418.61
2021/8/20,4444.35
2021/8/23,4489.88
2021/8/24,4492.81
2021/8/25,4501.71
2021/8/26,4495.9
2021/8/27,4513.33
2021/8/30,4537.36
2021/8/31,4531.39
2021/9/1,4537.11
2021/9/2,4545.85
2021/9/3,4541.45
2021/9/7,4535.38
2021/9/8,4521.79
2021/9/9,4529.9
2021/9/10,4520.47
2021/9/13,4492.99
2021/9/14,4485.68
2021/9/15,4486.87
2021/9/16,4485.87
2021/9/17,4471.52
2021/9/20,4402.95
2021/9/21,4394.87
2021/9/22,4416.75
2021/9/23,4465.4
2021/9/24,4463.12
2021/9/27,4457.3
2021/9/28,4419.54
2021/9/29,4385.57
2021/9/30,4382.55
2021/10/1,4375.19
2021/10/4,4355.51
2021/10/5,4369.23
2021/10/6,4365.57
2021/10/7,4429.97
2021/10/8,4412.02
2021/10/11,4415.88
2021/10/12,4374.89
2021/10/13,4372.87
2021/10/14,4439.73
2021/10/15,4475.82
2021/10/18,4488.75
2021/10/19,4520.4
2021/10/20,4540.87
2021/10/21,4551.44
2021/10/22,4559.67
2021/10/25,4572.62
2021/10/26,4598.53
2021/10/27,4584.57
2021/10/28,4597.55
2021/10/29,4608.08
2021/11/1,4620.34
2021/11/2,4635.15
2021/11/3,4663.46
2021/11/4,4683
2021/11/5,4718.5
2021/11/8,4714.92
2021/11/9,4708.53
2021/11/10,4684.85
2021/11/11,4664.55
2021/11/12,4688.47
2021/11/15,4697.42
2021/11/16,4714.95
2021/11/17,4701.5
2021/11/18,4708.75
2021/11/19,4717.75
2021/11/22,4743.83
2021/11/23,4699.39
2021/11/24,4702.87
2021/11/26,4664.63
2021/11/29,4672.95
2021/11/30,4646.02
2021/12/1,4652.94
2021/12/2,4595.46
2021/12/3,4608.03
2021/12/6,4612.6
2021/12/7,4694.04
2021/12/8,4705.06
2021/12/9,4695.26
2021/12/10,4713.57
2021/12/13,4710.3
2021/12/14,4660.47
2021/12/15,4712.6
2021/12/16,4731.99
2021/12/17,4666.7
2021/12/20,4587.9
2021/12/21,4651.14
2021/12/22,4697.67
2021/12/23,4740.74
2021/12/27,4791.49
2021/12/28,4807.02
2021/12/29,4804.06
2021/12/30,4808.93
2021/12/31,4786.83
2022/1/3,4796.64
2022/1/4,4818.62
2022/1/5,4797.7
2022/1/6,4725.01
2022/1/7,4707.95
2022/1/10,4673.02
2022/1/11,4714.13
2022/1/12,4748.83
2022/1/13,4744.13
2022/1/14,4665.13
2022/1/18,4632.24
2022/1/19,4611.55
2022/1/20,4602.11
2022/1/21,4494.52
2022/1/24,4417.35
2022/1/25,4411.01
2022/1/26,4453.23
2022/1/27,4428.74
2022/1/28,4432.72
2022/1/31,4516.89
2022/2/1,4550.49
2022/2/2,4595.31
2022/2/3,4542.88
2022/2/4,4539.66
2022/2/7,4521.86
2022/2/8,4531.32
2022/2/9,4590.03
2022/2/10,4588.92
2022/2/11,4526.33
2022/2/14,4426.22
2022/2/15,4472.77
2022/2/16,4489.55
2022/2/17,4456.06
2022/2/18,4394.6
2022/2/22,4362.12
2022/2/23,4341.51
2022/2/24,4294.73
2022/2/25,4385.34
2022/2/28,4388.84
2022/3/1,4378.45
2022/3/2,4401.48
2022/3/3,4416.78
2022/3/4,4342.12
2022/3/7,4327.01
2022/3/8,4276.94
2022/3/9,4299.4
2022/3/10,4268.28
2022/3/11,4291.01
2022/3/14,4247.57
2022/3/15,4271.05
2022/3/16,4358.9
2022/3/17,4412.67
2022/3/18,4465.4
2022/3/21,4481.75
2022/3/22,4522
2022/3/23,4501.07
2022/3/24,4520.58
2022/3/25,4546.03
2022/3/28,4575.65
2022/3/29,4637.3
2022/3/30,4627.77
2022/3/31,4603.07
2022/4/1,4548.7
2022/4/4,4583.5
2022/4/5,4593.45
2022/4/6,4503.94
2022/4/7,4521.16
2022/4/8,4520.41
2022/4/11,4464.35
2022/4/12,4471
2022/4/13,4453.92
2022/4/14,4460.46
2022/4/18,4410.31
2022/4/19,4471.03
2022/4/20,4488.29
2022/4/21,4512.94
2022/4/22,4385.83
2022/4/25,4299.02
2022/4/26,4278.14
2022/4/27,4240.71
2022/4/28,4308.45
2022/4/29,4269.68
2022/5/2,4169.81
2022/5/3,4200.1
2022/5/4,4307.66
2022/5/5,4256.39
2022/5/6,4157.69
2022/5/9,4081.27
2022/5/10,4068.82
2022/5/11,4049.09
2022/5/12,3964.8
2022/5/13,4038.88
2022/5/16,4046.46
2022/5/17,4090.72
2022/5/18,4051.98
2022/5/19,3945.96
2022/5/20,3943.42
2022/5/23,3981.88
2022/5/24,3955.68
2022/5/25,3999.33
2022/5/26,4075.14
2022/5/27,4158.49
2022/5/31,4168.34
2022/6/1,4166.54
2022/6/2,4177.51
2022/6/3,4142.67
2022/6/6,4168.78
2022/6/7,4164.86
2022/6/8,4160.14
2022/6/9,4119.1
2022/6/10,3974.39
2022/6/13,3838.15
2022/6/14,3778.18
2022/6/15,3837.56
2022/6/16,3728.18
2022/6/17,3707.71
2022/6/21,3779.65
2022/6/22,3801.79
2022/6/23,3802.58
2022/6/24,3913.65
2022/6/27,3927.72
2022/6/28,3945.86
2022/6/29,3836.5
2022/6/30,3818.99
2022/7/1,3829.82
2022/7/5,3832.19
2022/7/6,3870.91
2022/7/7,3910.63
2022/7/8,3918.5
2022/7/11,3880.94
2022/7/12,3873.41
2022/7/13,3829.44
2022/7/14,3796.41
2022/7/15,3863.62
2022/7/18,3902.44
2022/7/19,3939.81
2022/7/20,3974.13
2022/7/21,3999.29
2022/7/22,4012.44
2022/7/25,3975.3
2022/7/26,3953.22
2022/7/27,4039.56
2022/7/28,4078.95
2022/7/29,4140.15
2022/8/1,4144.95
2022/8/2,4140.47
2022/8/3,4167.66
2022/8/4,4161.29
2022/8/5,4151.58
2022/8/8,4186.62
2022/8/9,4137.3
2022/8/10,4211.03
2022/8/11,4257.91
2022/8/12,4280.47
2022/8/15,4301.79
2022/8/16,4325.28
2022/8/17,4302.18
2022/8/18,4292.53
2022/8/19,4266.31
2022/8/22,4195.08
2022/8/23,4159.77
2022/8/24,4156.56
2022/8/25,4200.54
2022/8/26,4203.04
2022/8/29,4062.99
2022/8/30,4044.98
2022/8/31,4015.37
2022/9/1,3970.23
2022/9/2,4018.43
2022/9/6,3942.55
2022/9/7,3987.89
2022/9/8,4010.5
2022/9/9,4076.81
2022/9/12,4119.28
2022/9/13,4037.12
2022/9/14,3961.94
2022/9/15,3959.14
2022/9/16,3880.95
2022/9/19,3900.45
2022/9/20,3876.01
2022/9/21,3907.07
2022/9/22,3790.9
2022/9/23,3727.14
2022/9/26,3715.67
2022/9/27,3717.53
2022/9/28,3736.74
2022/9/29,3687.01
2022/9/30,3671.44
2022/10/3,3698.35
2022/10/4,3791.92
2022/10/5,3806.91
2022/10/6,3797.93
2022/10/7,3706.74
2022/10/10,3652.17
2022/10/11,3640.66
2022/10/12,3608.34
2022/10/13,3685.41
2022/10/14,3712
2022/10/17,3689.73
2022/10/18,3762.79
2022/10/19,3728.58
2022/10/20,3736
2022/10/21,3757.89
2022/10/24,3810.74
2022/10/25,3862.85
2022/10/26,3886.15
2022/10/27,3859.95
2022/10/28,3905.42
2022/10/31,3893.73
2022/11/1,3911.79
2022/11/2,3894.44
2022/11/3,3750.59
2022/11/4,3796.34
2022/11/7,3813.95
2022/11/8,3859.4
2022/11/9,3818.2
2022/11/10,3958.33
2022/11/11,4001.48
2022/11/14,4008.97
2022/11/15,4028.84
2022/11/16,3983.09
2022/11/17,3954.33
2022/11/18,3979.89
2022/11/21,3962
2022/11/22,4005.88
2022/11/23,4033.78
2022/11/25,4034.02
2022/11/28,4012.27
2022/11/29,3976.77
2022/11/30,4080.11
2022/12/1,4100.51
2022/12/2,4080.48
2022/12/5,4052.45
2022/12/6,4001.51
2022/12/7,3957.57
2022/12/8,3974.19
2022/12/9,3977.02
2022/12/12,3990.71
2022/12/13,4100.96
2022/12/14,4053.76
2022/12/15,3958.37
2022/12/16,3890.91
2022/12/19,3854.86
2022/12/20,3838.24
2022/12/21,3889.82
2022/12/22,3853.26
2022/12/23,3845.8
2022/12/27,3846.65
2022/12/28,3848.32
2022/12/29,3858.19
2022/12/30,3839.85
2023/1/3,3878.46
2023/1/4,3873.16
2023/1/5,3839.74
2023/1/6,3906.19
2023/1/9,3950.57
2023/1/10,3919.83
2023/1/11,3970.07
2023/1/12,3997.76
2023/1/13,4003.95
2023/1/17,4015.39
2023/1/18,4014.16
2023/1/19,3922.94
2023/1/20,3972.96
2023/1/23,4039.31
2023/1/24,4023.92
2023/1/25,4019.55
2023/1/26,4061.57
2023/1/27,4094.21
2023/1/30,4063.85
2023/1/31,4077.16
2023/2/1,4148.95
2023/2/2,4195.44
2023/2/3,4182.36
2023/2/6,4124.63
2023/2/7,4176.54
2023/2/8,4156.85
2023/2/9,4156.23
2023/2/10,4094.36
2023/2/13,4138.9
2023/2/14,4159.77
2023/2/15,4148.11
2023/2/16,4136.54
2023/2/17,4081.51
2023/2/21,4052.35
2023/2/22,4017.37
2023/2/23,4028.3
2023/2/24,3978.25
2023/2/27,4018.05
2023/2/28,3997.5
2023/3/1,3971.73
2023/3/2,3990.84
2023/3/3,4048.29
2023/3/6,4078.49
2023/3/7,4050
2023/3/8,4000.41
2023/3/9,4017.81
2023/3/10,3934.05
2023/3/13,3905.05
2023/3/14,3937.29
2023/3/15,3894.26
2023/3/16,3964.46
2023/3/17,3958.91
2023/3/20,3956.62
2023/3/21,4009.08
2023/3/22,4039.49
2023/3/23,4007.66
2023/3/24,3972.74
2023/3/27,4003.83
2023/3/28,3979.2
2023/3/29,4030.59
2023/3/30,4057.85
2023/3/31,4110.75
