Date,Low
2010/12/1,2795.81
2010/12/2,2841.47
2010/12/3,2822.74
2010/12/6,2831.7
2010/12/7,2809.11
2010/12/8,2843.94
2010/12/9,2808.51
2010/12/10,2792.52
2010/12/13,2847.66
2010/12/14,2912.42
2010/12/15,2905.65
2010/12/16,2891.86
2010/12/17,2881
2010/12/20,2804.56
2010/12/21,2846.63
2010/12/22,2867.05
2010/12/23,2849.84
2010/12/24,2813.5
2010/12/27,2774.54
2010/12/28,2730.41
2010/12/29,2721.48
2010/12/30,2724.54
2010/12/31,2758.13
2011/1/4,2810.11
2011/1/5,2824.3
2011/1/6,2816.95
2011/1/7,2807.87
2011/1/10,2786.86
2011/1/11,2770.34
2011/1/12,2788.13
2011/1/13,2810.87
2011/1/14,2780.44
2011/1/17,2698.78
2011/1/18,2683.37
2011/1/19,2700.81
2011/1/20,2676.13
2011/1/21,2667.29
2011/1/24,2690.65
2011/1/25,2661.45
2011/1/26,2676.77
2011/1/27,2677.21
2011/1/28,2733.29
2011/1/31,2748.54
2011/2/1,2785.3
2011/2/9,2764.87
2011/2/10,2760.18
2011/2/11,2807.61
2011/2/14,2828.57
2011/2/15,2892.64
2011/2/16,2882.55
2011/2/17,2905.03
2011/2/18,2890.26
2011/2/21,2884.19
2011/2/22,2851.62
2011/2/23,2839.2
2011/2/24,2854.56
2011/2/25,2848.65
2011/2/28,2861.82
2011/3/1,2901.55
2011/3/2,2883.57
2011/3/3,2900.76
2011/3/4,2898.08
2011/3/7,2952.72
2011/3/8,2976.6
2011/3/9,2989.34
2011/3/10,2954.37
2011/3/11,2927.68
2011/3/14,2914.46
2011/3/15,2850.94
2011/3/16,2894.25
2011/3/17,2885.65
2011/3/18,2900.87
2011/3/21,2895.15
2011/3/22,2884.75
2011/3/23,2911.63
2011/3/24,2942.13
2011/3/25,2946.7
2011/3/28,2979.2
2011/3/29,2953.54
2011/3/30,2935.75
2011/3/31,2914.38
2011/4/1,2924.39
2011/4/6,2963.9
2011/4/7,2990.31
2011/4/8,2998.34
2011/4/11,3019.89
2011/4/12,3003.45
2011/4/13,2994.47
2011/4/14,3036.73
2011/4/15,3020.16
2011/4/18,3037.19
2011/4/19,2996.22
2011/4/20,2992.67
2011/4/21,3012.54
2011/4/22,3004.46
2011/4/25,2964.64
2011/4/26,2931.5
2011/4/27,2907.66
2011/4/28,2884.84
2011/4/29,2871.01
2011/5/3,2890.22
2011/5/4,2860.07
2011/5/5,2849.91
2011/5/6,2834.46
2011/5/9,2861.42
2011/5/10,2865.1
2011/5/11,2868.35
2011/5/12,2843.1
2011/5/13,2832.25
2011/5/16,2846.31
2011/5/17,2821.2
2011/5/18,2843.68
2011/5/19,2856.83
2011/5/20,2850.45
2011/5/23,2771.12
2011/5/24,2744.78
2011/5/25,2737.33
2011/5/26,2734.54
2011/5/27,2708.55
2011/5/30,2689.21
2011/5/31,2702.09
2011/6/1,2726.49
2011/6/2,2676.54
2011/6/3,2701.25
2011/6/7,2717.31
2011/6/8,2715.25
2011/6/9,2702.69
2011/6/10,2672.32
2011/6/13,2669.4
2011/6/14,2691.67
2011/6/15,2705.07
2011/6/16,2663.12
2011/6/17,2641.39
2011/6/20,2610.99
2011/6/21,2618.81
2011/6/22,2633.47
2011/6/23,2630.34
2011/6/24,2674.3
2011/6/27,2743.5
2011/6/28,2736.4
2011/6/29,2727.25
2011/6/30,2729.99
2011/7/1,2752.97
2011/7/4,2770.94
2011/7/5,2799.11
2011/7/6,2780.73
2011/7/7,2793.89
2011/7/8,2784.13
2011/7/11,2780.67
2011/7/12,2752.19
2011/7/13,2756.03
2011/7/14,2788.98
2011/7/15,2794.16
2011/7/18,2807.11
2011/7/19,2790.69
2011/7/20,2779.38
2011/7/21,2763.42
2011/7/22,2763.8
2011/7/25,2680.75
2011/7/26,2677.12
2011/7/27,2680.43
2011/7/28,2684.66
2011/7/29,2681.27
2011/8/1,2688.53
2011/8/2,2651.28
2011/8/3,2654.36
2011/8/4,2675.53
2011/8/5,2605.14
2011/8/8,2497.92
2011/8/9,2437.68
2011/8/10,2544.95
2011/8/11,2505.01
2011/8/12,2585.85
2011/8/15,2584.41
2011/8/16,2601.5
2011/8/17,2596.04
2011/8/18,2556.86
2011/8/19,2513.75
2011/8/22,2507.78
2011/8/23,2514.95
2011/8/24,2536.26
2011/8/25,2545.05
2011/8/26,2593.24
2011/8/29,2570.84
2011/8/30,2563.69
2011/8/31,2545.1
2011/9/1,2547.85
2011/9/2,2517.62
2011/9/5,2478.2
2011/9/6,2459.54
2011/9/7,2475.22
2011/9/8,2498.11
2011/9/9,2487.14
2011/9/13,2453.8
2011/9/14,2439.37
2011/9/15,2477.65
2011/9/16,2475.76
2011/9/19,2437.17
2011/9/20,2426.7
2011/9/21,2438.85
2011/9/22,2442.46
2011/9/23,2400.14
2011/9/26,2384.64
2011/9/27,2395.16
2011/9/28,2383.4
2011/9/29,2358.57
2011/9/30,2348.22
2011/10/10,2338.69
2011/10/11,2323.41
2011/10/12,2318.63
2011/10/13,2406.28
2011/10/14,2409.29
2011/10/17,2424.73
2011/10/18,2378.67
2011/10/19,2374.42
2011/10/20,2315.9
2011/10/21,2313.78
2011/10/24,2307.15
2011/10/25,2357.39
2011/10/26,2394.73
2011/10/27,2426.32
2011/10/28,2456.18
2011/10/31,2455.2
2011/11/1,2445.53
2011/11/2,2433.72
2011/11/3,2507.3
2011/11/4,2512.9
2011/11/7,2507.62
2011/11/8,2500.02
2011/11/9,2489.02
2011/11/10,2478.14
2011/11/11,2472.76
2011/11/14,2496.34
2011/11/15,2518.7
2011/11/16,2456.86
2011/11/17,2459.16
2011/11/18,2411.04
2011/11/21,2396.09
2011/11/22,2387.83
2011/11/23,2390.65
2011/11/24,2370.69
2011/11/25,2372.62
2011/11/28,2372.16
2011/11/29,2388.2
2011/11/30,2319.44
2011/12/1,2376.92
2011/12/2,2344.85
2011/12/5,2327.61
2011/12/6,2310.16
2011/12/7,2317.81
2011/12/8,2302.64
2011/12/9,2309.46
2011/12/12,2290.26
2011/12/13,2245.87
2011/12/14,2224.72
2011/12/15,2179.47
2011/12/16,2170.75
2011/12/19,2164.89
2011/12/20,2206.52
2011/12/21,2188.71
2011/12/22,2149.42
2011/12/23,2178.14
2011/12/26,2186.07
2011/12/27,2162.72
2011/12/28,2134.02
2011/12/29,2157.11
2011/12/30,2177.52
2012/1/4,2168.64
2012/1/5,2145.56
2012/1/6,2132.63
2012/1/9,2148.45
2012/1/10,2218.27
2012/1/11,2265.18
2012/1/12,2265.26
2012/1/13,2225.74
2012/1/16,2206.05
2012/1/17,2196.12
2012/1/18,2257.9
2012/1/19,2259.34
2012/1/20,2293.89
2012/1/30,2284.29
2012/1/31,2277.06
2012/2/1,2263.34
2012/2/2,2268.69
2012/2/3,2300.98
2012/2/6,2317.42
2012/2/7,2278.82
2012/2/8,2286.82
2012/2/9,2333.93
2012/2/10,2339.88
2012/2/13,2325.03
2012/2/14,2332.25
2012/2/15,2335.1
2012/2/16,2342.07
2012/2/17,2344.76
2012/2/20,2362.01
2012/2/21,2345.05
2012/2/22,2374.03
2012/2/23,2396.71
2012/2/24,2405.27
2012/2/27,2444.63
2012/2/28,2431.83
2012/2/29,2426.33
2012/3/1,2418.33
2012/3/2,2430.1
2012/3/5,2442.11
2012/3/6,2406.06
2012/3/7,2388.52
2012/3/8,2401.1
2012/3/9,2414.97
2012/3/12,2420.84
2012/3/13,2428.61
2012/3/14,2382.84
2012/3/15,2366.02
2012/3/16,2368.31
2012/3/19,2383.67
2012/3/20,2376.03
2012/3/21,2361.22
2012/3/22,2364.13
2012/3/23,2342.12
2012/3/26,2339.14
2012/3/27,2344.3
2012/3/28,2281.43
2012/3/29,2242.34
2012/3/30,2246.24
2012/4/5,2251.39
2012/4/6,2291.56
2012/4/9,2284.44
2012/4/10,2258.85
2012/4/11,2280.04
2012/4/12,2307.84
2012/4/13,2346.94
2012/4/16,2342.2
2012/4/17,2333.34
2012/4/18,2337.86
2012/4/19,2369.46
2012/4/20,2372.13
2012/4/23,2383.07
2012/4/24,2350.4
2012/4/25,2376.63
2012/4/26,2393.26
2012/4/27,2393.87
2012/5/2,2407.79
2012/5/3,2427.73
2012/5/4,2427.97
2012/5/7,2432.74
2012/5/8,2431.02
2012/5/9,2407.51
2012/5/10,2402.2
2012/5/11,2393.38
2012/5/14,2377.98
2012/5/15,2354.61
2012/5/16,2344.5
2012/5/17,2342.35
2012/5/18,2338.24
2012/5/21,2330.33
2012/5/22,2354.87
2012/5/23,2350.55
2012/5/24,2344.58
2012/5/25,2327.41
2012/5/28,2309.07
2012/5/29,2358.37
2012/5/30,2378.13
2012/5/31,2362.31
2012/6/1,2365.44
2012/6/4,2308.23
2012/6/5,2304.05
2012/6/6,2301.04
2012/6/7,2288.66
2012/6/8,2276.71
2012/6/11,2278.16
2012/6/12,2280.95
2012/6/13,2284.65
2012/6/14,2293.06
2012/6/15,2283.4
2012/6/18,2309.71
2012/6/19,2298.39
2012/6/20,2291.54
2012/6/21,2253.79
2012/6/25,2223.05
2012/6/26,2203.94
2012/6/27,2213.32
2012/6/28,2195.36
2012/6/29,2188.72
2012/7/2,2215.36
2012/7/3,2219.05
2012/7/4,2219.45
2012/7/5,2192.65
2012/7/6,2185.52
2012/7/9,2168.61
2012/7/10,2156.73
2012/7/11,2156.6
2012/7/12,2152.67
2012/7/13,2177.92
2012/7/16,2146.15
2012/7/17,2141.48
2012/7/18,2138.79
2012/7/19,2159.94
2012/7/20,2162.06
2012/7/23,2135.56
2012/7/24,2131.01
2012/7/25,2132.83
2012/7/26,2124.16
2012/7/27,2120.63
2012/7/30,2107.63
2012/7/31,2100.25
2012/8/1,2101.71
2012/8/2,2103.5
2012/8/3,2108.33
2012/8/6,2127.26
2012/8/7,2148.9
2012/8/8,2153.02
2012/8/9,2148.69
2012/8/10,2165.28
2012/8/13,2134.55
2012/8/14,2119.25
2012/8/15,2118.5
2012/8/16,2109.66
2012/8/17,2100.79
2012/8/20,2089.02
2012/8/21,2103.07
2012/8/22,2097.6
2012/8/23,2097.08
2012/8/24,2089.22
2012/8/27,2055.38
2012/8/28,2052.49
2012/8/29,2051.77
2012/8/30,2032.54
2012/8/31,2044.65
2012/9/3,2041.16
2012/9/4,2039.27
2012/9/5,2029.05
2012/9/6,2036.37
2012/9/7,2062.99
2012/9/10,2120.49
2012/9/11,2107.22
2012/9/12,2109.14
2012/9/13,2110
2012/9/14,2111.12
2012/9/17,2077.48
2012/9/18,2053.66
2012/9/19,2055.2
2012/9/20,2023.09
2012/9/21,2018.26
2012/9/24,2005.26
2012/9/25,2021.81
2012/9/26,1999.48
2012/9/27,2002.32
2012/9/28,2040.35
2012/10/8,2063.09
2012/10/9,2081.59
2012/10/10,2102.53
2012/10/11,2101.14
2012/10/12,2092.51
2012/10/15,2085.11
2012/10/16,2089.69
2012/10/17,2088.04
2012/10/18,2107.49
2012/10/19,2125.74
2012/10/22,2112.75
2012/10/23,2111.92
2012/10/24,2104.67
2012/10/25,2100.61
2012/10/26,2058.06
2012/10/29,2053.09
2012/10/30,2054.26
2012/10/31,2053.58
2012/11/1,2069.95
2012/11/2,2096.53
2012/11/5,2104.58
2012/11/6,2078.47
2012/11/7,2093.29
2012/11/8,2070.65
2012/11/9,2062.42
2012/11/12,2061.84
2012/11/13,2044.04
2012/11/14,2040.17
2012/11/15,2029.87
2012/11/16,2001.72
2012/11/19,1995.72
2012/11/20,2004.17
2012/11/21,1995.17
2012/11/22,2009.72
2012/11/23,2017
2012/11/26,2014.03
2012/11/27,1990.34
2012/11/28,1968.21
2012/11/29,1961.82
2012/11/30,1959.33
2012/12/3,1957.88
2012/12/4,1949.46
2012/12/5,1970.2
2012/12/6,2018.38
2012/12/7,2023.96
2012/12/10,2064.61
2012/12/11,2070.19
2012/12/12,2066.39
2012/12/13,2059.47
2012/12/14,2062.54
2012/12/17,2151.94
2012/12/18,2144.73
2012/12/19,2154.29
2012/12/20,2142.95
2012/12/21,2148.17
2012/12/24,2149.82
2012/12/25,2146.86
2012/12/26,2206.79
2012/12/27,2204.79
2012/12/28,2204
2012/12/31,2236.46
2013/1/4,2256.56
2013/1/7,2266.86
2013/1/8,2262.98
2013/1/9,2259.05
2013/1/10,2268.65
2013/1/11,2234.95
2013/1/14,2235.11
2013/1/15,2309.32
2013/1/16,2279.51
2013/1/17,2275.88
2013/1/18,2285.97
2013/1/21,2305.1
2013/1/22,2301.3
2013/1/23,2296.49
2013/1/24,2287.3
2013/1/25,2288.26
2013/1/28,2295.35
2013/1/29,2337.35
2013/1/30,2347.89
2013/1/31,2371.23
2013/2/1,2369.57
2013/2/4,2417.58
2013/2/5,2403.3
2013/2/6,2427.7
2013/2/7,2394.22
2013/2/8,2414.4
2013/2/17,2414.4
2013/2/18,2415.43
2013/2/19,2373.53
2013/2/20,2370.61
2013/2/21,2309.17
2013/2/22,2308.76
2013/2/25,2315.01
2013/2/26,2289.89
2013/2/27,2292.03
2013/2/28,2308.92
2013/3/1,2330.86
2013/3/4,2259.25
2013/3/5,2270.1
2013/3/6,2321.6
2013/3/7,2304.27
2013/3/8,2314.59
2013/3/11,2296.58
2013/3/12,2264.83
2013/3/13,2253.25
2013/3/14,2253.31
2013/3/15,2250.01
2013/3/18,2239.21
2013/3/19,2232.02
2013/3/20,2257.42
2013/3/21,2311.6
2013/3/22,2314.97
2013/3/25,2319.91
2013/3/26,2281.12
2013/3/27,2289
2013/3/28,2232.91
2013/3/29,2228.81
2013/4/1,2227.31
2013/4/2,2220.44
2013/4/3,2217.25
2013/4/8,2180.67
2013/4/9,2215.47
2013/4/10,2212.56
2013/4/11,2217.26
2013/4/12,2204.44
2013/4/15,2177.39
2013/4/16,2165.78
2013/4/17,2178.47
2013/4/18,2175.44
2013/4/19,2200.58
2013/4/22,2232.26
2013/4/23,2182.81
2013/4/24,2184.11
2013/4/25,2191.85
2013/4/26,2173.86
2013/5/2,2161.14
2013/5/3,2179.05
2013/5/6,2212.49
2013/5/7,2219.44
2013/5/8,2235.42
2013/5/9,2221.38
2013/5/10,2225.81
2013/5/13,2231.36
2013/5/14,2205.87
2013/5/15,2213.58
2013/5/16,2210.77
2013/5/17,2248.41
2013/5/20,2281.9
2013/5/21,2290.12
2013/5/22,2292.43
2013/5/23,2274.1
2013/5/24,2270.25
2013/5/27,2283.93
2013/5/28,2281.47
2013/5/29,2321.17
2013/5/30,2310.49
2013/5/31,2299.37
2013/6/3,2294.11
2013/6/4,2264.76
2013/6/5,2260.87
2013/6/6,2240.07
2013/6/7,2205.07
2013/6/13,2126.22
2013/6/14,2142.78
2013/6/17,2147.03
2013/6/18,2138.35
2013/6/19,2115.79
2013/6/20,2082.82
2013/6/21,2042.88
2013/6/24,1958.4
2013/6/25,1849.65
2013/6/26,1922.82
2013/6/27,1942.37
2013/6/28,1925.65
2013/7/1,1957.57
2013/7/2,1978.43
2013/7/3,1965.52
2013/7/4,1974.1
2013/7/5,2002.37
2013/7/8,1953.12
2013/7/9,1946.37
2013/7/10,1960.28
2013/7/11,2010.4
2013/7/12,2036.05
2013/7/15,2037.25
2013/7/16,2038.54
2013/7/17,2043.23
2013/7/18,2016.9
2013/7/19,1990.25
2013/7/22,1970.64
2013/7/23,2005.09
2013/7/24,2010.42
2013/7/25,2016.43
2013/7/26,2000.8
2013/7/29,1969.85
2013/7/30,1965.36
2013/7/31,1987.88
2013/8/1,1997.06
2013/8/2,2025.65
2013/8/5,2025.23
2013/8/6,2034.96
2013/8/7,2043.75
2013/8/8,2037.25
2013/8/9,2030.13
2013/8/12,2055.72
2013/8/13,2093.8
2013/8/14,2093.04
2013/8/15,2079.97
2013/8/16,2061.65
2013/8/19,2052.7
2013/8/20,2066.07
2013/8/21,2056.91
2013/8/22,2062.37
2013/8/23,2029.36
2013/8/26,2056.13
2013/8/27,2090.43
2013/8/28,2080.86
2013/8/29,2088.24
2013/8/30,2089.1
2013/9/2,2078.46
2013/9/3,2095.45
2013/9/4,2115.75
2013/9/5,2115.24
2013/9/6,2119.02
2013/9/9,2151.35
2013/9/10,2202.82
2013/9/11,2233
2013/9/12,2226.29
2013/9/13,2228.48
2013/9/16,2226.17
2013/9/17,2184.92
2013/9/18,2172.04
2013/9/23,2198.34
2013/9/24,2187.24
2013/9/25,2193.72
2013/9/26,2154.72
2013/9/27,2149.59
2013/9/30,2165.16
2013/10/8,2161.49
2013/10/9,2185.18
2013/10/10,2186.48
2013/10/11,2200.53
2013/10/14,2226.4
2013/10/15,2221.14
2013/10/16,2183.4
2013/10/17,2183.25
2013/10/18,2184.36
2013/10/21,2190.39
2013/10/22,2204.24
2013/10/23,2177.72
2013/10/24,2159.87
2013/10/25,2122.68
2013/10/28,2123.07
2013/10/29,2093.2
2013/10/30,2121.84
2013/10/31,2137.47
2013/11/1,2132.63
2013/11/4,2143.21
2013/11/5,2124.85
2013/11/6,2138.78
2013/11/7,2119.19
2013/11/8,2103.51
2013/11/11,2093.63
2013/11/12,2108.4
2013/11/13,2086.01
2013/11/14,2078.99
2013/11/15,2100.79
2013/11/18,2143.77
2013/11/19,2186.11
2013/11/20,2186.64
2013/11/21,2177.74
2013/11/22,2188.77
2013/11/25,2181.42
2013/11/26,2176.18
2013/11/27,2176.85
2013/11/28,2202.62
2013/11/29,2212.26
2013/12/2,2172.63
2013/12/3,2193.25
2013/12/4,2215.92
2013/12/5,2239.14
2013/12/6,2228.63
2013/12/9,2231.73
2013/12/10,2231.68
2013/12/11,2193.16
2013/12/12,2194.9
2013/12/13,2183.84
2013/12/16,2159.99
2013/12/17,2146.31
2013/12/18,2142.62
2013/12/19,2126.25
2013/12/20,2082.85
2013/12/23,2068.54
2013/12/24,2079.81
2013/12/25,2088.3
2013/12/26,2070.55
2013/12/27,2069.59
2013/12/30,2095.06
2013/12/31,2087.42
2014/1/2,2101.02
2014/1/3,2075.9
2014/1/6,2034.01
2014/1/7,2029.25
2014/1/8,2037.11
2014/1/9,2026.45
2014/1/10,2008.01
2014/1/13,2000.4
2014/1/14,2001.14
2014/1/15,2010.2
2014/1/16,2014.41
2014/1/17,2001.33
2014/1/20,1984.82
2014/1/21,1992.02
2014/1/22,2008.93
2014/1/23,2039.05
2014/1/24,2034.45
2014/1/27,2029.63
2014/1/28,2026.99
2014/1/29,2039.77
2014/1/30,2031.47
2014/2/7,2014.7
2014/2/10,2049.98
2014/2/11,2082.52
2014/2/12,2096.51
2014/2/13,2096.97
2014/2/14,2095.09
2014/2/17,2117.69
2014/2/18,2113.13
2014/2/19,2111.17
2014/2/20,2136.48
2014/2/21,2098.33
2014/2/24,2058.79
2014/2/25,2026.54
2014/2/26,2014.38
2014/2/27,2036.39
2014/2/28,2020.93
2014/3/3,2047.07
2014/3/4,2050.12
2014/3/5,2050.18
2014/3/6,2030.95
2014/3/7,2050.47
2014/3/10,1995.55
2014/3/11,1985.6
2014/3/12,1974.38
2014/3/13,1996.53
2014/3/14,1990.98
2014/3/17,1999.25
2014/3/18,2020.41
2014/3/19,2002.44
2014/3/20,1993
2014/3/21,1986.07
2014/3/24,2043.33
2014/3/25,2057.49
2014/3/26,2057.65
2014/3/27,2042.71
2014/3/28,2035.24
2014/3/31,2024.19
2014/4/1,2028.1
2014/4/2,2046.74
2014/4/3,2037.45
2014/4/4,2035.22
2014/4/8,2052.9
2014/4/9,2095.64
2014/4/10,2098.08
2014/4/11,2120.18
2014/4/14,2116.61
2014/4/15,2098.15
2014/4/16,2092.16
2014/4/17,2095.71
2014/4/18,2081.18
2014/4/21,2065.23
2014/4/22,2047.33
2014/4/23,2059.11
2014/4/24,2056.19
2014/4/25,2035.57
2014/4/28,2000.14
2014/4/29,1997.64
2014/4/30,2016.58
2014/5/5,2007.35
2014/5/6,2021.49
2014/5/7,2008.45
2014/5/8,2005.69
2014/5/9,2001.3
2014/5/12,2016.64
2014/5/13,2043.55
2014/5/14,2042.74
2014/5/15,2022.86
2014/5/16,2012.69
2014/5/19,1996.01
2014/5/20,2002.76
2014/5/21,1991.06
2014/5/22,2018.88
2014/5/23,2017.74
2014/5/26,2035.09
2014/5/27,2032.84
2014/5/28,2029.34
2014/5/29,2039.24
2014/5/30,2031.37
2014/6/3,2037.3
2014/6/4,2012.91
2014/6/5,2016.17
2014/6/6,2022.16
2014/6/9,2023.2
2014/6/10,2026.39
2014/6/11,2045.41
2014/6/12,2045.96
2014/6/13,2048.62
2014/6/16,2069.44
2014/6/17,2064.67
2014/6/18,2051.75
2014/6/19,2017.65
2014/6/20,2010.53
2014/6/23,2022.92
2014/6/24,2021.75
2014/6/25,2018.36
2014/6/26,2025.31
2014/6/27,2025.07
2014/6/30,2038.53
2014/7/1,2041.94
2014/7/2,2044.04
2014/7/3,2048.08
2014/7/4,2054.22
2014/7/7,2050.89
2014/7/8,2047.2
2014/7/9,2037.6
2014/7/10,2034.96
2014/7/11,2033
2014/7/14,2044.9
2014/7/15,2059.68
2014/7/16,2061.57
2014/7/17,2046.19
2014/7/18,2046
2014/7/21,2049.18
2014/7/22,2049.81
2014/7/23,2072.23
2014/7/24,2079.63
2014/7/25,2106.71
2014/7/28,2135.25
2014/7/29,2172.1
2014/7/30,2177.24
2014/7/31,2173.9
2014/8/1,2184.64
2014/8/4,2186.92
2014/8/5,2206.85
2014/8/6,2192.99
2014/8/7,2185.76
2014/8/8,2180.6
2014/8/11,2198.31
2014/8/12,2210
2014/8/13,2202.44
2014/8/14,2204.38
2014/8/15,2203.24
2014/8/18,2228.13
2014/8/19,2227.92
2014/8/20,2233.89
2014/8/21,2211.63
2014/8/22,2225.27
2014/8/25,2222.01
2014/8/26,2200.62
2014/8/27,2204.05
2014/8/28,2194.86
2014/8/29,2193.26
2014/9/1,2217.68
2014/9/2,2234.38
2014/9/3,2268.1
2014/9/4,2283.28
2014/9/5,2307.45
2014/9/9,2315.89
2014/9/10,2306.42
2014/9/11,2304.6
2014/9/12,2302.77
2014/9/15,2321.59
2014/9/16,2293.87
2014/9/17,2282.79
2014/9/18,2297.93
2014/9/19,2305.52
2014/9/22,2284.38
2014/9/23,2289.02
2014/9/24,2297.88
2014/9/25,2336.81
2014/9/26,2329.96
2014/9/29,2346.58
2014/9/30,2354.27
2014/10/8,2354.29
2014/10/9,2367.11
2014/10/10,2365.07
2014/10/13,2341.12
2014/10/14,2349.19
2014/10/15,2344.37
2014/10/16,2353.41
2014/10/17,2312.83
2014/10/20,2340.46
2014/10/21,2337.55
2014/10/22,2324.59
2014/10/23,2297.33
2014/10/24,2296.66
2014/10/27,2279.84
2014/10/28,2294.01
2014/10/29,2339.71
2014/10/30,2365.92
2014/10/31,2384.48
2014/11/3,2418.17
2014/11/4,2417.22
2014/11/5,2415.5
2014/11/6,2401.75
2014/11/7,2407.44
2014/11/10,2428.19
2014/11/11,2445.96
2014/11/12,2444.81
2014/11/13,2471.41
2014/11/14,2457.05
2014/11/17,2472.45
2014/11/18,2449.81
2014/11/19,2442.71
2014/11/20,2437.48
2014/11/21,2446.65
2014/11/24,2495.52
2014/11/25,2527.08
2014/11/26,2570.4
2014/11/27,2599.11
2014/11/28,2622.06
2014/12/1,2668.84
2014/12/2,2665.69
2014/12/3,2733.87
2014/12/4,2772.43
2014/12/5,2813.05
2014/12/8,2879.85
2014/12/9,2834.59
2014/12/10,2807.68
2014/12/11,2892.61
2014/12/12,2914.96
2014/12/15,2890.9
2014/12/16,2943.91
2014/12/17,2993.33
2014/12/18,3030.32
2014/12/19,3018.42
2014/12/22,3090.51
2014/12/23,3025.67
2014/12/24,2934.91
2014/12/25,2969.87
2014/12/26,3064.18
2014/12/29,3126.94
2014/12/30,3130.35
2014/12/31,3157.26
2015/1/5,3253.88
2015/1/6,3303.18
2015/1/7,3312.21
2015/1/8,3285.1
2015/1/9,3267.51
2015/1/12,3191.58
2015/1/13,3214.41
2015/1/14,3193.98
2015/1/15,3207.55
2015/1/16,3340.49
2015/1/19,3095.07
2015/1/20,3100.48
2015/1/21,3178.34
2015/1/22,3293.98
2015/1/23,3328.29
2015/1/26,3321.31
2015/1/27,3290.22
2015/1/28,3294.65
2015/1/29,3234.24
2015/1/30,3210.31
2015/2/2,3122.57
2015/2/3,3129.73
2015/2/4,3171.14
2015/2/5,3135.82
2015/2/6,3052.94
2015/2/9,3049.11
2015/2/10,3084.25
2015/2/11,3139.05
2015/2/12,3134.24
2015/2/13,3182.79
2015/2/16,3195.88
2015/2/17,3230.77
2015/2/25,3215.55
2015/2/26,3202.19
2015/2/27,3291.01
2015/3/2,3298.67
2015/3/3,3260.43
2015/3/4,3250.48
2015/3/5,3221.67
2015/3/6,3234.53
2015/3/9,3198.37
2015/3/10,3277.09
2015/3/11,3278.47
2015/3/12,3300.49
2015/3/13,3352.15
2015/3/16,3377.09
2015/3/17,3459.69
2015/3/18,3503.85
2015/3/19,3546.84
2015/3/20,3569.38
2015/3/23,3635.48
2015/3/24,3600.7
2015/3/25,3634.56
2015/3/26,3615.01
2015/3/27,3656.83
2015/3/30,3710.61
2015/3/31,3737.04
2015/4/1,3742.21
2015/4/2,3775.89
2015/4/3,3792.21
2015/4/7,3891.73
2015/4/8,3903.65
2015/4/9,3900.03
2015/4/10,3929.32
2015/4/13,4057.29
2015/4/14,4091.26
2015/4/15,4069.01
2015/4/16,4031.24
2015/4/17,4238.91
2015/4/20,4190.68
2015/4/21,4188.57
2015/4/22,4297.95
2015/4/23,4358.84
2015/4/24,4318.12
2015/4/27,4441.93
2015/4/28,4432.9
2015/4/29,4398.64
2015/4/30,4441.05
2015/5/4,4387.43
2015/5/5,4282.24
2015/5/6,4187.37
2015/5/7,4108.01
2015/5/8,4099.04
2015/5/11,4187.82
2015/5/12,4317.98
2015/5/13,4342.48
2015/5/14,4329.04
2015/5/15,4278.55
2015/5/18,4260.51
2015/5/19,4285.78
2015/5/20,4432.28
2015/5/21,4438.26
2015/5/22,4562.99
2015/5/25,4656.82
2015/5/26,4779.08
2015/5/27,4857.06
2015/5/28,4614.24
2015/5/29,4431.56
2015/6/1,4615.23
2015/6/2,4797.55
2015/6/3,4822.44
2015/6/4,4647.41
2015/6/5,4898.07
2015/6/8,4997.48
2015/6/9,5042.96
2015/6/10,5001.49
2015/6/11,5050.76
2015/6/12,5103.4
2015/6/15,5048.74
2015/6/16,4842.1
2015/6/17,4767.22
2015/6/18,4780.87
2015/6/19,4476.5
2015/6/23,4264.77
2015/6/24,4552.13
2015/6/25,4483.55
2015/6/26,4139.53
2015/6/29,3875.05
2015/6/30,3847.88
2015/7/1,4043.37
2015/7/2,3795.25
2015/7/3,3629.56
2015/7/6,3653.04
2015/7/7,3585.4
2015/7/8,3421.53
2015/7/9,3373.54
2015/7/10,3677.43
2015/7/13,3858.64
2015/7/14,3855.56
2015/7/15,3741.25
2015/7/16,3688.44
2015/7/17,3814.15
2015/7/20,3927.12
2015/7/21,3912.8
2015/7/22,3960.86
2015/7/23,4019.04
2015/7/24,4044.83
2015/7/27,3720.44
2015/7/28,3537.36
2015/7/29,3612.06
2015/7/30,3685.96
2015/7/31,3620.17
2015/8/3,3549.5
2015/8/4,3601.29
2015/8/5,3676.39
2015/8/6,3614.74
2015/8/7,3686.3
2015/8/10,3775.85
2015/8/11,3891.18
2015/8/12,3871.14
2015/8/13,3838.16
2015/8/14,3939.84
2015/8/17,3907.4
2015/8/18,3743.39
2015/8/19,3558.38
2015/8/20,3663.61
2015/8/21,3490.54
2015/8/24,3191.88
2015/8/25,2947.94
2015/8/26,2850.71
2015/8/27,2906.49
2015/8/28,3102.95
2015/8/31,3109.16
2015/9/1,3053.74
2015/9/2,3019.09
2015/9/7,3066.3
2015/9/8,3011.12
2015/9/9,3165.7
2015/9/10,3178.9
2015/9/11,3163.45
2015/9/14,3049.23
2015/9/15,2983.92
2015/9/16,2983.54
2015/9/17,3085.31
2015/9/18,3070.34
2015/9/21,3060.86
2015/9/22,3152.48
2015/9/23,3104.74
2015/9/24,3109.69
2015/9/25,3063
2015/9/28,3042.31
2015/9/29,3021.16
2015/9/30,3039.74
2015/10/8,3133.13
2015/10/9,3137.79
2015/10/12,3188.41
2015/10/13,3253.25
2015/10/14,3256.25
2015/10/15,3254.39
2015/10/16,3334.85
2015/10/19,3355.57
2015/10/20,3357.86
2015/10/21,3265.44
2015/10/22,3282.99
2015/10/23,3360.22
2015/10/26,3402
2015/10/27,3332.62
2015/10/28,3367.23
2015/10/29,3362.51
2015/10/30,3346.59
2015/11/2,3322.31
2015/11/3,3302.18
2015/11/4,3325.62
2015/11/5,3455.53
2015/11/6,3508.83
2015/11/9,3588.5
2015/11/10,3607.89
2015/11/11,3605.62
2015/11/12,3603.23
2015/11/13,3564.81
2015/11/16,3519.42
2015/11/17,3598.07
2015/11/18,3558.7
2015/11/19,3561.04
2015/11/20,3607.92
2015/11/23,3598.87
2015/11/24,3563.1
2015/11/25,3607.52
2015/11/26,3629.86
2015/11/27,3412.43
2015/11/30,3327.81
2015/12/1,3417.55
2015/12/2,3427.66
2015/12/3,3517.23
2015/12/4,3510.41
2015/12/7,3506.62
2015/12/8,3466.79
2015/12/9,3454.88
2015/12/10,3446.27
2015/12/11,3410.92
2015/12/14,3399.28
2015/12/15,3496.85
2015/12/16,3506.29
2015/12/17,3533.63
2015/12/18,3568.16
2015/12/21,3565.75
2015/12/22,3616.87
2015/12/23,3633.03
2015/12/24,3572.28
2015/12/25,3601.74
2015/12/28,3533.78
2015/12/29,3515.52
2015/12/30,3538.11
2015/12/31,3538.35
2016/1/4,3295.74
2016/1/5,3189.6
2016/1/6,3288.93
2016/1/7,3115.89
2016/1/8,3056.88
2016/1/11,3016.7
2016/1/12,2978.46
2016/1/13,2949.29
2016/1/14,2867.55
2016/1/15,2883.87
2016/1/18,2844.7
2016/1/19,2906.4
2016/1/20,2951.92
2016/1/21,2880.08
2016/1/22,2851.73
2016/1/25,2911.83
2016/1/26,2743.84
2016/1/27,2638.3
2016/1/28,2647.49
2016/1/29,2649.79
2016/2/1,2655.62
2016/2/2,2687.98
2016/2/3,2696.88
2016/2/4,2751.31
2016/2/5,2762.16
2016/2/15,2682.09
2016/2/16,2758.58
2016/2/17,2824.36
2016/2/18,2857.7
2016/2/19,2840.49
2016/2/22,2880.35
2016/2/23,2872.28
2016/2/24,2872.27
2016/2/25,2729.85
2016/2/26,2715.87
2016/2/29,2638.96
2016/3/1,2668.76
2016/3/2,2732.54
2016/3/3,2840.87
2016/3/4,2808.85
2016/3/7,2871.35
2016/3/8,2802.56
2016/3/9,2811.72
2016/3/10,2803.48
2016/3/11,2772.55
2016/3/14,2823.03
2016/3/15,2819.79
2016/3/16,2854.19
2016/3/17,2857.19
2016/3/18,2908.74
2016/3/21,2973.76
2016/3/22,2988.43
2016/3/23,2980.86
2016/3/24,2960.54
2016/3/25,2952.11
2016/3/28,2948.53
2016/3/29,2905.25
2016/3/30,2941.22
2016/3/31,2992.92
2016/4/1,2956.25
2016/4/5,2993.15
2016/4/6,3029
2016/4/7,3007.06
2016/4/8,2960.46
2016/4/11,3006.91
2016/4/12,3001.32
2016/4/13,3041.36
2016/4/14,3056.99
2016/4/15,3066.87
2016/4/18,3022.97
2016/4/19,3024.9
2016/4/20,2905.05
2016/4/21,2943.46
2016/4/22,2926.78
2016/4/25,2917.02
2016/4/26,2933.97
2016/4/27,2949.43
2016/4/28,2916.37
2016/4/29,2930.36
2016/5/3,2929.81
2016/5/4,2978.33
2016/5/5,2977.2
2016/5/6,2913.04
2016/5/9,2821.83
2016/5/10,2820.16
2016/5/11,2818.7
2016/5/12,2781.24
2016/5/13,2814.11
2016/5/16,2804.99
2016/5/17,2832.46
2016/5/18,2781.42
2016/5/19,2801.55
2016/5/20,2785.08
2016/5/23,2826.26
2016/5/24,2807.19
2016/5/25,2807.75
2016/5/26,2780.76
2016/5/27,2809.8
2016/5/30,2794.66
2016/5/31,2822.59
2016/6/1,2909.51
2016/6/2,2906.52
2016/6/3,2915.18
2016/6/6,2922.28
2016/6/7,2923.5
2016/6/8,2908.37
2016/6/13,2832.51
2016/6/14,2822.06
2016/6/15,2811.78
2016/6/16,2865.39
2016/6/17,2872.18
2016/6/20,2864.02
2016/6/21,2869.18
2016/6/22,2869.51
2016/6/23,2878.66
2016/6/24,2807.6
2016/6/27,2840.28
2016/6/28,2878.82
2016/6/29,2915.06
2016/6/30,2922.31
2016/7/1,2925.81
2016/7/4,2922.52
2016/7/5,2990.64
2016/7/6,2984.83
2016/7/7,2994.64
2016/7/8,2983.88
2016/7/11,2990.91
2016/7/12,2984.42
2016/7/13,3048.2
2016/7/14,3036.52
2016/7/15,3044.54
2016/7/18,3031.64
2016/7/19,3014.29
2016/7/20,3022.63
2016/7/21,3027.37
2016/7/22,3007.46
2016/7/25,3003.29
2016/7/26,3013.8
2016/7/27,2939.23
2016/7/28,2968.18
2016/7/29,2972.92
2016/8/1,2931.96
2016/8/2,2946.64
2016/8/3,2956.79
2016/8/4,2958.93
2016/8/5,2971.56
2016/8/8,2959.05
2016/8/9,2998.68
2016/8/10,3017.09
2016/8/11,3001.17
2016/8/12,2999.04
2016/8/15,3053.87
2016/8/16,3102.07
2016/8/17,3090.28
2016/8/18,3093.32
2016/8/19,3082.77
2016/8/22,3083.59
2016/8/23,3073.53
2016/8/24,3079.55
2016/8/25,3041.51
2016/8/26,3063.89
2016/8/29,3058.79
2016/8/30,3065.97
2016/8/31,3063.4
2016/9/1,3062.88
2016/9/2,3050.49
2016/9/5,3065.33
2016/9/6,3053.19
2016/9/7,3087.88
2016/9/8,3083.9
2016/9/9,3078.22
2016/9/12,2999.93
2016/9/13,3008.74
2016/9/14,2995.42
2016/9/19,3005.32
2016/9/20,3015.88
2016/9/21,3017.54
2016/9/22,3035.07
2016/9/23,3032.8
2016/9/26,2980.12
2016/9/27,2969.13
2016/9/28,2984.32
2016/9/29,2991.91
2016/9/30,2993.06
2016/10/10,3014.62
2016/10/11,3048.02
2016/10/12,3048.89
2016/10/13,3052.64
2016/10/14,3043.18
2016/10/17,3033.75
2016/10/18,3037.4
2016/10/19,3076.77
2016/10/20,3076.29
2016/10/21,3069.27
2016/10/24,3090.79
2016/10/25,3121.05
2016/10/26,3110.39
2016/10/27,3100.39
2016/10/28,3101.24
2016/10/31,3081.07
2016/11/1,3097.04
2016/11/2,3099.82
2016/11/3,3094.1
2016/11/4,3119.54
2016/11/7,3117.1
2016/11/8,3134.95
2016/11/9,3096.95
2016/11/10,3148.54
2016/11/11,3166.07
2016/11/14,3186.8
2016/11/15,3195.04
2016/11/16,3195.41
2016/11/17,3187.21
2016/11/18,3187.5
2016/11/21,3188.28
2016/11/22,3220.98
2016/11/23,3231.59
2016/11/24,3232.87
2016/11/25,3209.6
2016/11/28,3267.67
2016/11/29,3263.4
2016/11/30,3239.52
2016/12/1,3256.26
2016/12/2,3235.28
2016/12/5,3194.88
2016/12/6,3196.52
2016/12/7,3189.49
2016/12/8,3211.47
2016/12/9,3207.04
2016/12/12,3149.9
2016/12/13,3118.71
2016/12/14,3136.35
2016/12/15,3100.91
2016/12/16,3106.35
2016/12/19,3110.08
2016/12/20,3084.8
2016/12/21,3107.24
2016/12/22,3126.89
2016/12/23,3103.75
2016/12/26,3068.41
2016/12/27,3113.75
2016/12/28,3094.55
2016/12/29,3087.34
2016/12/30,3089.99
2017/1/3,3105.31
2017/1/4,3130.11
2017/1/5,3154.28
2017/1/6,3153.03
2017/1/9,3147.74
2017/1/10,3157.33
2017/1/11,3136.27
2017/1/12,3115.98
2017/1/13,3102.16
2017/1/16,3044.29
2017/1/17,3072.34
2017/1/18,3098.59
2017/1/19,3094.01
2017/1/20,3095.21
2017/1/23,3125.42
2017/1/24,3131.22
2017/1/25,3133.19
2017/1/26,3148.91
2017/2/3,3136.01
2017/2/6,3135.39
2017/2/7,3140.04
2017/2/8,3132.03
2017/2/9,3162.57
2017/2/10,3182.8
2017/2/13,3198.99
2017/2/14,3205.29
2017/2/15,3206.56
2017/2/16,3207.79
2017/2/17,3199.42
2017/2/20,3198.96
2017/2/21,3239.88
2017/2/22,3243.84
2017/2/23,3236.35
2017/2/24,3233.53
2017/2/27,3224.09
2017/2/28,3225.97
2017/3/1,3237.87
2017/3/2,3228.66
2017/3/3,3206.61
2017/3/6,3215.07
2017/3/7,3226.82
2017/3/8,3230.61
2017/3/9,3205.28
2017/3/10,3208.45
2017/3/13,3193.16
2017/3/14,3231.52
2017/3/15,3227.74
2017/3/16,3247.16
2017/3/17,3232.28
2017/3/20,3228.12
2017/3/21,3246.7
2017/3/22,3229.13
2017/3/23,3221.93
2017/3/24,3241.12
2017/3/27,3262.12
2017/3/28,3246.09
2017/3/29,3233.28
2017/3/30,3195.85
2017/3/31,3205.54
2017/4/5,3233.24
2017/4/6,3265.76
2017/4/7,3275.05
2017/4/10,3265.01
2017/4/11,3244.4
2017/4/12,3262.28
2017/4/13,3261.49
2017/4/14,3238.9
2017/4/17,3199.91
2017/4/18,3196.49
2017/4/19,3147.07
2017/4/20,3148.18
2017/4/21,3158.63
2017/4/24,3111.21
2017/4/25,3117.45
2017/4/26,3131.42
2017/4/27,3097.33
2017/4/28,3136.58
2017/5/2,3136.54
2017/5/3,3123.75
2017/5/4,3111.39
2017/5/5,3092.09
2017/5/8,3067.69
2017/5/9,3056.56
2017/5/10,3051.59
2017/5/11,3016.53
2017/5/12,3051.87
2017/5/15,3085.93
2017/5/16,3060.53
2017/5/17,3101.3
2017/5/18,3077.96
2017/5/19,3081.28
2017/5/22,3063.15
2017/5/23,3050.84
2017/5/24,3022.3
2017/5/25,3052.83
2017/5/26,3100.39
2017/5/31,3111.56
2017/6/1,3097.68
2017/6/2,3081.85
2017/6/5,3084.83
2017/6/6,3078.79
2017/6/7,3098.95
2017/6/8,3132.83
2017/6/9,3146.11
2017/6/12,3135.31
2017/6/13,3131.04
2017/6/14,3125.35
2017/6/15,3117.08
2017/6/16,3117.86
2017/6/19,3121.78
2017/6/20,3134.61
2017/6/21,3132.62
2017/6/22,3146.64
2017/6/23,3118.09
2017/6/26,3156.98
2017/6/27,3172.46
2017/6/28,3170.79
2017/6/29,3174.28
2017/6/30,3171.57
2017/7/3,3177.02
2017/7/4,3174.31
2017/7/5,3174.71
2017/7/6,3188.77
2017/7/7,3195.29
2017/7/10,3203.21
2017/7/11,3199.22
2017/7/12,3177.93
2017/7/13,3190.34
2017/7/14,3204.85
2017/7/17,3139.5
2017/7/18,3150.13
2017/7/19,3179.73
2017/7/20,3225.43
2017/7/21,3231.96
2017/7/24,3230.07
2017/7/25,3233.14
2017/7/26,3228.04
2017/7/27,3220.64
2017/7/28,3232.96
2017/7/31,3251.19
2017/8/1,3273.5
2017/8/2,3282.04
2017/8/3,3262.16
2017/8/4,3261.31
2017/8/7,3243.72
2017/8/8,3269.66
2017/8/9,3263.85
2017/8/10,3236.18
2017/8/11,3200.75
2017/8/14,3206.04
2017/8/15,3235.1
2017/8/16,3228.87
2017/8/17,3251.46
2017/8/18,3248.08
2017/8/21,3270.48
2017/8/22,3274.94
2017/8/23,3274.44
2017/8/24,3266.36
2017/8/25,3271.46
2017/8/28,3336.13
2017/8/29,3354.46
2017/8/30,3357.08
2017/8/31,3340.69
2017/9/1,3358.47
2017/9/4,3359.13
2017/9/5,3371.57
2017/9/6,3364.76
2017/9/7,3363.18
2017/9/8,3353.69
2017/9/11,3360.05
2017/9/12,3370.85
2017/9/13,3366.54
2017/9/14,3361.33
2017/9/15,3345.33
2017/9/18,3352.51
2017/9/19,3344.71
2017/9/20,3346.54
2017/9/21,3356.88
2017/9/22,3334.98
2017/9/25,3334.94
2017/9/26,3332.6
2017/9/27,3340.3
2017/9/28,3336.18
2017/9/29,3340.31
2017/10/9,3366.97
2017/10/10,3358.8
2017/10/11,3379.16
2017/10/12,3372.53
2017/10/13,3383.24
2017/10/16,3374.77
2017/10/17,3365.56
2017/10/18,3371.92
2017/10/19,3359.63
2017/10/20,3360.1
2017/10/23,3374.7
2017/10/24,3374.12
2017/10/25,3382.03
2017/10/26,3391.45
2017/10/27,3402.11
2017/10/30,3357.28
2017/10/31,3376.12
2017/11/1,3388.6
2017/11/2,3372.21
2017/11/3,3347.36
2017/11/6,3356.53
2017/11/7,3387.95
2017/11/8,3404.88
2017/11/9,3408.62
2017/11/10,3414.33
2017/11/13,3435.08
2017/11/14,3419.69
2017/11/15,3396.38
2017/11/16,3390.59
2017/11/17,3373.3
2017/11/20,3337.12
2017/11/21,3377.6
2017/11/22,3404.29
2017/11/23,3342.33
2017/11/24,3328.33
2017/11/27,3315.26
2017/11/28,3300.78
2017/11/29,3305.57
2017/11/30,3306.28
2017/12/1,3302.44
2017/12/4,3304.1
2017/12/5,3300.51
2017/12/6,3254.61
2017/12/7,3259.16
2017/12/8,3258.76
2017/12/11,3288.29
2017/12/12,3280.33
2017/12/13,3273.32
2017/12/14,3282.57
2017/12/15,3259.39
2017/12/18,3254.18
2017/12/19,3266.02
2017/12/20,3276.12
2017/12/21,3267.4
2017/12/22,3293.44
2017/12/25,3270.44
2017/12/26,3274.33
2017/12/27,3270.35
2017/12/28,3263.73
2017/12/29,3292.77
2018/1/2,3314.03
2018/1/3,3345.29
2018/1/4,3365.3
2018/1/5,3380.24
2018/1/8,3384.56
2018/1/9,3403.59
2018/1/10,3398.84
2018/1/11,3405.64
2018/1/12,3417.98
2018/1/15,3402.31
2018/1/16,3401.96
2018/1/17,3430.51
2018/1/18,3448.79
2018/1/19,3474.29
2018/1/22,3475.67
2018/1/23,3504.34
2018/1/24,3527.11
2018/1/25,3528.03
2018/1/26,3534.2
2018/1/29,3510.27
2018/1/30,3484.66
2018/1/31,3454.73
2018/2/1,3424.42
2018/2/2,3388.86
2018/2/5,3406.24
2018/2/6,3364.22
2018/2/7,3304.01
2018/2/8,3225.71
2018/2/9,3062.74
2018/2/12,3113.61
2018/2/13,3176.11
2018/2/14,3171.38
2018/2/22,3234.12
2018/2/23,3258.49
2018/2/26,3281.61
2018/2/27,3284.63
2018/2/28,3239.84
2018/3/1,3228.58
2018/3/2,3242.27
2018/3/5,3236.72
2018/3/6,3243.65
2018/3/7,3264.76
2018/3/8,3261.55
2018/3/9,3283.56
2018/3/12,3313.56
2018/3/13,3307.38
2018/3/14,3287.36
2018/3/15,3273.2
2018/3/16,3269.28
2018/3/19,3251.05
2018/3/20,3252.43
2018/3/21,3268.88
2018/3/22,3242.76
2018/3/23,3110.66
2018/3/26,3091.46
2018/3/27,3143.57
2018/3/28,3117.53
2018/3/29,3098.25
2018/3/30,3152.89
2018/4/2,3159.99
2018/4/3,3119.13
2018/4/4,3128.87
2018/4/9,3110.3
2018/4/10,3139.08
2018/4/11,3191.59
2018/4/12,3177.05
2018/4/13,3155.51
2018/4/16,3096.1
2018/4/17,3064.03
2018/4/18,3041.62
2018/4/19,3090.29
2018/4/20,3065.92
2018/4/23,3045.94
2018/4/24,3069.75
2018/4/25,3107
2018/4/26,3067.93
2018/4/27,3049.91
2018/5/2,3064.76
2018/5/3,3056.16
2018/5/4,3086.78
2018/5/7,3091.66
2018/5/8,3134.06
2018/5/9,3145.66
2018/5/10,3155.53
2018/5/11,3162.21
2018/5/14,3163.48
2018/5/15,3164.52
2018/5/16,3166.81
2018/5/17,3148.62
2018/5/18,3144.78
2018/5/21,3203.34
2018/5/22,3192.23
2018/5/23,3168.96
2018/5/24,3152.07
2018/5/25,3131.07
2018/5/28,3115.96
2018/5/29,3112.15
2018/5/30,3041
2018/5/31,3054.27
2018/6/1,3059.79
2018/6/4,3076.99
2018/6/5,3080.05
2018/6/6,3103.53
2018/6/7,3105.58
2018/6/8,3053.29
2018/6/11,3037.91
2018/6/12,3034.1
2018/6/13,3044.12
2018/6/14,3032.41
2018/6/15,3008.73
2018/6/19,2871.35
2018/6/20,2872.16
2018/6/21,2872.62
2018/6/22,2837.14
2018/6/25,2857.87
2018/6/26,2803.79
2018/6/27,2798.8
2018/6/28,2782.45
2018/6/29,2782.38
2018/7/2,2756.82
2018/7/3,2722.45
2018/7/4,2754.16
2018/7/5,2727.94
2018/7/6,2691.02
2018/7/9,2752.45
2018/7/10,2800.63
2018/7/11,2752.43
2018/7/12,2771.04
2018/7/13,2818.85
2018/7/16,2804.49
2018/7/17,2774.76
2018/7/18,2786.04
2018/7/19,2764.49
2018/7/20,2753.84
2018/7/23,2809.62
2018/7/24,2862.27
2018/7/25,2894.04
2018/7/26,2875.7
2018/7/27,2864.11
2018/7/30,2850.3
2018/7/31,2854.32
2018/8/1,2823.93
2018/8/2,2726.48
2018/8/3,2740.43
2018/8/6,2692.32
2018/8/7,2696.04
2018/8/8,2741.07
2018/8/9,2726.22
2018/8/10,2777.51
2018/8/13,2742.56
2018/8/14,2766.57
2018/8/15,2721.24
2018/8/16,2672.74
2018/8/17,2665.59
2018/8/20,2653.11
2018/8/21,2696.29
2018/8/22,2709.06
2018/8/23,2700.8
2018/8/24,2705.32
2018/8/27,2736.32
2018/8/28,2769.4
2018/8/29,2762.35
2018/8/30,2736.35
2018/8/31,2710.54
2018/9/3,2692.36
2018/9/4,2712.38
2018/9/5,2704.34
2018/9/6,2683.74
2018/9/7,2683.72
2018/9/10,2667.32
2018/9/11,2652.7
2018/9/12,2647.17
2018/9/13,2653.19
2018/9/14,2675.29
2018/9/17,2647.92
2018/9/18,2644.3
2018/9/19,2690.99
2018/9/20,2724.08
2018/9/21,2722.03
2018/9/25,2771.16
2018/9/26,2783.34
2018/9/27,2786.32
2018/9/28,2791.84
2018/10/8,2710.18
2018/10/9,2711.2
2018/10/10,2703.06
2018/10/11,2560.32
2018/10/12,2536.67
2018/10/15,2564.74
2018/10/16,2536.44
2018/10/17,2517.57
2018/10/18,2485.62
2018/10/19,2449.2
2018/10/22,2565.64
2018/10/23,2583.26
2018/10/24,2577.77
2018/10/25,2531.53
2018/10/26,2580.85
2018/10/29,2529.19
2018/10/30,2521.78
2018/10/31,2567.03
2018/11/1,2603.65
2018/11/2,2628.87
2018/11/5,2639.27
2018/11/6,2635.32
2018/11/7,2639.25
2018/11/8,2632.3
2018/11/9,2598.16
2018/11/12,2590.21
2018/11/13,2597.35
2018/11/14,2627.96
2018/11/15,2631.89
2018/11/16,2657.03
2018/11/19,2674.18
2018/11/20,2643.36
2018/11/21,2617.78
2018/11/22,2634.48
2018/11/23,2577.35
2018/11/26,2568.04
2018/11/27,2566.17
2018/11/28,2561.56
2018/11/29,2567.44
2018/11/30,2555.32
2018/12/3,2629.18
2018/12/4,2644.9
2018/12/5,2625.91
2018/12/6,2603.13
2018/12/7,2599.28
2018/12/10,2576.24
2018/12/11,2583.2
2018/12/12,2595.07
2018/12/13,2599.46
2018/12/14,2593.74
2018/12/17,2573.87
2018/12/18,2563.57
2018/12/19,2547.08
2018/12/20,2516.02
2018/12/21,2498.69
2018/12/24,2500.44
2018/12/25,2462.84
2018/12/26,2492.08
2018/12/27,2483.09
2018/12/28,2478.32
2019/1/2,2456.42
2019/1/3,2455.93
2019/1/4,2440.91
2019/1/7,2515.51
2019/1/8,2520.16
2019/1/9,2536.16
2019/1/10,2531.66
2019/1/11,2533.36
2019/1/14,2533.01
2019/1/15,2532.43
2019/1/16,2563.01
2019/1/17,2557.71
2019/1/18,2565.9
2019/1/21,2599.06
2019/1/22,2573.06
2019/1/23,2572.41
2019/1/24,2569.7
2019/1/25,2595.63
2019/1/28,2591.1
2019/1/29,2559.98
2019/1/30,2575.41
2019/1/31,2571.58
2019/2/1,2590.55
2019/2/11,2613.17
2019/2/12,2648.83
2019/2/13,2666.52
2019/2/14,2707.49
2019/2/15,2679.78
2019/2/18,2699.82
2019/2/19,2737.59
2019/2/20,2739.98
2019/2/21,2744.98
2019/2/22,2736.33
2019/2/25,2838.39
2019/2/26,2938.62
2019/2/27,2924.64
2019/2/28,2930.2
2019/3/1,2930.83
2019/3/4,3006.94
2019/3/5,3009.45
2019/3/6,3050.11
2019/3/7,3074.98
2019/3/8,2969.58
2019/3/11,2963.58
2019/3/12,3029.9
2019/3/13,3013.93
2019/3/14,2968.82
2019/3/15,2999.43
2019/3/18,3009.51
2019/3/19,3076.36
2019/3/20,3053.45
2019/3/21,3086.85
2019/3/22,3064.88
2019/3/25,3041.95
2019/3/26,2988.49
2019/3/27,2987.77
2019/3/28,2991.78
2019/3/29,2999.99
2019/4/1,3111.66
2019/4/2,3164.91
2019/4/3,3152.33
2019/4/4,3216.85
2019/4/8,3210.52
2019/4/9,3215.7
2019/4/10,3204.88
2019/4/11,3185.55
2019/4/12,3168.04
2019/4/15,3177.27
2019/4/16,3153.21
2019/4/17,3239.8
2019/4/18,3241.83
2019/4/19,3226.81
2019/4/22,3206.88
2019/4/23,3186.76
2019/4/24,3156.61
2019/4/25,3123.03
2019/4/26,3085.8
2019/4/29,3050.03
2019/4/30,3052.62
2019/5/6,2876.47
2019/5/7,2889.07
2019/5/8,2866.7
2019/5/9,2845.04
2019/5/10,2838.38
2019/5/13,2892.17
2019/5/14,2872.83
2019/5/15,2902.64
2019/5/16,2929.06
2019/5/17,2873.8
2019/5/20,2838.45
2019/5/21,2862.5
2019/5/22,2879.64
2019/5/23,2846.96
2019/5/24,2846.02
2019/5/27,2833.04
2019/5/28,2887.08
2019/5/29,2890.66
2019/5/30,2881.38
2019/5/31,2895.58
2019/6/3,2875.9
2019/6/4,2851.97
2019/6/5,2858.57
2019/6/6,2822.19
2019/6/10,2824.36
2019/6/11,2854.07
2019/6/12,2903.88
2019/6/13,2885.92
2019/6/14,2879.66
2019/6/17,2877.39
2019/6/18,2874.31
2019/6/19,2916.21
2019/6/20,2915.09
2019/6/21,2989.25
2019/6/24,2994.42
2019/6/25,2948.99
2019/6/26,2958.46
2019/6/27,2981.05
2019/6/28,2961.22
2019/7/1,3014.69
2019/7/2,3033.78
2019/7/3,3006.32
2019/7/4,2991.91
2019/7/5,2990.92
2019/7/8,2918.72
2019/7/9,2912.81
2019/7/10,2908.16
2019/7/11,2907.89
2019/7/12,2905.81
2019/7/15,2886.7
2019/7/16,2931.29
2019/7/17,2924.46
2019/7/18,2901.18
2019/7/19,2909.68
2019/7/22,2879.69
2019/7/23,2883.05
2019/7/24,2907.79
2019/7/25,2916.15
2019/7/26,2924.45
2019/7/29,2932.98
2019/7/30,2946.26
2019/7/31,2926.49
2019/8/1,2901.75
2019/8/2,2851.44
2019/8/5,2821.5
2019/8/6,2733.92
2019/8/7,2768.68
2019/8/8,2782.24
2019/8/9,2770.48
2019/8/12,2776.62
2019/8/13,2790.61
2019/8/14,2807.72
2019/8/15,2756.83
2019/8/16,2811.8
2019/8/19,2829.85
2019/8/20,2875
2019/8/21,2872.56
2019/8/22,2867.55
2019/8/23,2878.74
2019/8/26,2849.24
2019/8/27,2879.41
2019/8/28,2887.01
2019/8/29,2878.59
2019/8/30,2874.1
2019/9/2,2883.68
2019/9/3,2915.2
2019/9/4,2925.88
2019/9/5,2972.66
2019/9/6,2981.6
2019/9/9,3005.69
2019/9/10,3005.38
2019/9/11,3004.22
2019/9/12,3005.19
2019/9/16,3020.05
2019/9/17,2970.57
2019/9/18,2982.4
2019/9/19,2975.4
2019/9/20,2996.19
2019/9/23,2960.83
2019/9/24,2973.76
2019/9/25,2955.43
2019/9/26,2928.26
2019/9/27,2920.93
2019/9/30,2905.19
2019/10/8,2905.76
2019/10/9,2891.54
2019/10/10,2918.23
2019/10/11,2943.01
2019/10/14,2989.81
2019/10/15,2986.3
2019/10/16,2975.92
2019/10/17,2969.57
2019/10/18,2933.24
2019/10/21,2917.69
2019/10/22,2934.39
2019/10/23,2934.63
2019/10/24,2927.06
2019/10/25,2920.52
2019/10/28,2956.96
2019/10/29,2954.18
2019/10/30,2934.83
2019/10/31,2923.52
2019/11/1,2917.15
2019/11/4,2964.58
2019/11/5,2968.03
2019/11/6,2969.72
2019/11/7,2969.12
2019/11/8,2962.84
2019/11/11,2906.77
2019/11/12,2891.51
2019/11/13,2893.97
2019/11/14,2899.62
2019/11/15,2891.2
2019/11/18,2884.09
2019/11/19,2902.86
2019/11/20,2907.42
2019/11/21,2891.53
2019/11/22,2873.99
2019/11/25,2880.65
2019/11/26,2897.93
2019/11/27,2893.42
2019/11/28,2883.43
2019/11/29,2858.58
2019/12/2,2870.24
2019/12/3,2857.32
2019/12/4,2869.42
2019/12/5,2885.08
2019/12/6,2894.75
2019/12/9,2905.25
2019/12/10,2902.79
2019/12/11,2915
2019/12/12,2913.48
2019/12/13,2935.85
2019/12/16,2958.71
2019/12/17,2982.5
2019/12/18,3011.72
2019/12/19,3007.99
2019/12/20,3002.26
2019/12/23,2960.43
2019/12/24,2960.68
2019/12/25,2970.66
2019/12/26,2980.4
2019/12/27,3003.63
2019/12/30,2983.34
2019/12/31,3030.51
2020/1/2,3066.34
2020/1/3,3074.52
2020/1/6,3065.31
2020/1/7,3084.33
2020/1/8,3059.13
2020/1/9,3080.13
2020/1/10,3081.4
2020/1/13,3075.38
2020/1/14,3105.6
2020/1/15,3082.04
2020/1/16,3070.88
2020/1/17,3067.25
2020/1/20,3070.48
2020/1/21,3051.23
2020/1/22,3006.27
2020/1/23,2955.35
2020/2/3,2716.7
2020/2/4,2685.27
2020/2/5,2778.86
2020/2/6,2807.61
2020/2/7,2838.77
2020/2/10,2851.05
2020/2/11,2882.24
2020/2/12,2892.42
2020/2/13,2901.24
2020/2/14,2899.57
2020/2/17,2924.99
2020/2/18,2960.78
2020/2/19,2971.82
2020/2/20,2968.45
2020/2/21,3020.14
2020/2/24,3007.36
2020/2/25,2943.72
2020/2/26,2974.94
2020/2/27,2980.48
2020/2/28,2878.54
2020/3/2,2899.31
2020/3/3,2976.62
2020/3/4,2974.36
2020/3/5,3022.93
2020/3/6,3029.46
2020/3/9,2940.71
2020/3/10,2904.8
2020/3/11,2968.52
2020/3/12,2906.28
2020/3/13,2799.98
2020/3/16,2784.66
2020/3/17,2715.22
2020/3/18,2728.76
2020/3/19,2646.8
2020/3/20,2702.49
2020/3/23,2656.5
2020/3/24,2667.13
2020/3/25,2757.8
2020/3/26,2753.43
2020/3/27,2771.76
2020/3/30,2723.05
2020/3/31,2743.12
2020/4/1,2731.08
2020/4/2,2719.9
2020/4/3,2754.07
2020/4/7,2801.84
2020/4/8,2800.3
2020/4/9,2820.43
2020/4/10,2789.98
2020/4/13,2774.08
2020/4/14,2789.43
2020/4/15,2808.7
2020/4/16,2796.84
2020/4/17,2830.02
2020/4/20,2833.26
2020/4/21,2808.02
2020/4/22,2808.48
2020/4/23,2835.9
2020/4/24,2802.5
2020/4/27,2802.96
2020/4/28,2758.25
2020/4/29,2800.74
2020/4/30,2832.38
2020/5/6,2830.65
2020/5/7,2864.58
2020/5/8,2879.2
2020/5/11,2884.38
2020/5/12,2871.23
2020/5/13,2875.54
2020/5/14,2869.18
2020/5/15,2863.37
2020/5/18,2862.27
2020/5/19,2887.58
2020/5/20,2876.18
2020/5/21,2864.21
2020/5/22,2808.02
2020/5/25,2802.47
2020/5/26,2825.9
2020/5/27,2831.93
2020/5/28,2820.15
2020/5/29,2829.63
2020/6/1,2871.96
2020/6/2,2909.13
2020/6/3,2922.66
2020/6/4,2910.75
2020/6/5,2909.12
2020/6/8,2934.21
2020/6/9,2932.94
2020/6/10,2934.84
2020/6/11,2912.19
2020/6/12,2872.62
2020/6/15,2890.03
2020/6/16,2909.13
2020/6/17,2919.04
2020/6/18,2920.11
2020/6/19,2935.82
2020/6/22,2959.03
2020/6/23,2949.85
2020/6/24,2971.22
2020/6/29,2951.77
2020/6/30,2965.11
2020/7/1,2984.98
2020/7/2,3021.67
2020/7/3,3104
2020/7/6,3187.84
2020/7/7,3336.24
2020/7/8,3327.71
2020/7/9,3393.64
2020/7/10,3372.51
2020/7/13,3369.04
2020/7/14,3366.08
2020/7/15,3345.75
2020/7/16,3209.73
2020/7/17,3181.27
2020/7/20,3220.68
2020/7/21,3300.57
2020/7/22,3311.79
2020/7/23,3257.83
2020/7/24,3184.96
2020/7/27,3174.66
2020/7/28,3208.49
2020/7/29,3209.99
2020/7/30,3282.16
2020/7/31,3261.61
2020/8/3,3327.68
2020/8/4,3352.5
2020/8/5,3333.88
2020/8/6,3334.33
2020/8/7,3307.71
2020/8/10,3335.04
2020/8/11,3336.09
2020/8/12,3263.27
2020/8/13,3309.46
2020/8/14,3302.74
2020/8/17,3369.37
2020/8/18,3432.64
2020/8/19,3406.16
2020/8/20,3352.78
2020/8/21,3358
2020/8/24,3368.03
2020/8/25,3364.16
2020/8/26,3320.14
2020/8/27,3312.99
2020/8/28,3339.65
2020/8/31,3395.47
2020/9/1,3381.71
2020/9/2,3377.21
2020/9/3,3374.26
2020/9/4,3328.55
2020/9/7,3285.63
2020/9/8,3276.44
2020/9/9,3238.56
2020/9/10,3227.64
2020/9/11,3220.54
2020/9/14,3261.15
2020/9/15,3263.75
2020/9/16,3271.07
2020/9/17,3248.5
2020/9/18,3268.53
2020/9/21,3313.07
2020/9/22,3265.7
2020/9/23,3264.89
2020/9/24,3221.24
2020/9/25,3208.03
2020/9/28,3210.89
2020/9/29,3219.79
2020/9/30,3202.34
2020/10/9,3260.19
2020/10/12,3286.11
2020/10/13,3334.5
2020/10/14,3332.96
2020/10/15,3330
2020/10/16,3319.11
2020/10/19,3307.84
2020/10/20,3293.77
2020/10/21,3304.17
2020/10/22,3281.37
2020/10/23,3276.62
2020/10/26,3226.6
2020/10/27,3235.54
2020/10/28,3238.38
2020/10/29,3231.12
2020/10/30,3219.42
2020/11/2,3209.91
2020/11/3,3237.85
2020/11/4,3254.11
2020/11/5,3291.6
2020/11/6,3292.15
2020/11/9,3329.43
2020/11/10,3346.17
2020/11/11,3339.04
2020/11/12,3329.49
2020/11/13,3291.64
2020/11/16,3313.65
2020/11/17,3323.95
2020/11/18,3333.99
2020/11/19,3330.45
2020/11/20,3356.31
2020/11/23,3377.99
2020/11/24,3396.24
2020/11/25,3362.33
2020/11/26,3344.28
2020/11/27,3364.49
2020/11/30,3391.76
2020/12/1,3386.91
2020/12/2,3435.87
2020/12/3,3428.8
2020/12/4,3417.05
2020/12/7,3414.31
2020/12/8,3403.03
2020/12/9,3371.92
2020/12/10,3357.75
2020/12/11,3325.17
2020/12/14,3338.63
2020/12/15,3348.42
2020/12/16,3359.17
2020/12/17,3354.01
2020/12/18,3382.75
2020/12/21,3381.12
2020/12/22,3353.86
2020/12/23,3360.2
2020/12/24,3354.02
2020/12/25,3348.35
2020/12/28,3383.65
2020/12/29,3376.09
2020/12/30,3374.42
2020/12/31,3419.73
2021/1/4,3457.21
2021/1/5,3484.72
2021/1/6,3513.13
2021/1/7,3526.62
2021/1/8,3544.89
2021/1/11,3516.99
2021/1/12,3517.47
2021/1/13,3575.59
2021/1/14,3559.6
2021/1/15,3533.79
2021/1/18,3544.26
2021/1/19,3553.02
2021/1/20,3556.44
2021/1/21,3585.8
2021/1/22,3585.03
2021/1/25,3591.02
2021/1/26,3564.74
2021/1/27,3546.49
2021/1/28,3496.88
2021/1/29,3446.55
2021/2/1,3469.88
2021/2/2,3495.57
2021/2/3,3508.51
2021/2/4,3465.77
2021/2/5,3492.96
2021/2/8,3492.13
2021/2/9,3528.68
2021/2/10,3612.5
2021/2/18,3663.66
2021/2/19,3634.01
2021/2/22,3642.44
2021/2/23,3617.7
2021/2/24,3531.59
2021/2/25,3568.47
2021/2/26,3500.7
2021/3/1,3511.99
2021/3/2,3485.36
2021/3/3,3498.72
2021/3/4,3487.38
2021/3/5,3456.67
2021/3/8,3421.22
2021/3/9,3328.31
2021/3/10,3354.82
2021/3/11,3369.9
2021/3/12,3417.24
2021/3/15,3392.51
2021/3/16,3406.17
2021/3/17,3410.28
2021/3/18,3449.38
2021/3/19,3389.29
2021/3/22,3404.23
2021/3/23,3390.05
2021/3/24,3362.18
2021/3/25,3344.97
2021/3/26,3373.32
2021/3/29,3409.89
2021/3/30,3423.32
2021/3/31,3420.83
2021/4/1,3438.83
2021/4/2,3462.83
2021/4/6,3471.76
2021/4/7,3453.19
2021/4/8,3459.32
2021/4/9,3442.14
2021/4/12,3403.9
2021/4/13,3387.9
2021/4/14,3392.98
2021/4/15,3373.09
2021/4/16,3394.13
2021/4/19,3414.36
2021/4/20,3463.46
2021/4/21,3450.11
2021/4/22,3456.32
2021/4/23,3456.33
2021/4/26,3438.57
2021/4/27,3417.26
2021/4/28,3423.32
2021/4/29,3447.59
2021/4/30,3426.9
2021/5/6,3426.85
2021/5/7,3416.78
2021/5/10,3401.93
2021/5/11,3384.7
2021/5/12,3428.39
2021/5/13,3418.38
2021/5/14,3422.56
2021/5/17,3490.14
2021/5/18,3510.86
2021/5/19,3503.82
2021/5/20,3486.07
2021/5/21,3479.67
2021/5/24,3469.87
2021/5/25,3502.44
2021/5/26,3585.37
2021/5/27,3579.26
2021/5/28,3582.36
2021/5/31,3580.65
2021/6/1,3581.91
2021/6/2,3584.6
2021/6/3,3584.21
2021/6/4,3561.89
2021/6/7,3581.9
2021/6/8,3563.25
2021/6/9,3572.64
2021/6/10,3584.13
2021/6/11,3587.15
2021/6/15,3547.19
2021/6/16,3513.56
2021/6/17,3507.35
2021/6/18,3503.18
2021/6/21,3504.01
2021/6/22,3536.81
2021/6/23,3549.85
2021/6/24,3548.82
2021/6/25,3564.52
2021/6/28,3594.22
2021/6/29,3570.53
2021/6/30,3569.5
2021/7/1,3573.94
2021/7/2,3514.34
2021/7/5,3510.58
2021/7/6,3496.93
2021/7/7,3504.47
2021/7/8,3521.06
2021/7/9,3485.05
2021/7/12,3527.39
2021/7/13,3542.82
2021/7/14,3525.49
2021/7/15,3514.26
2021/7/16,3537.73
2021/7/19,3506.34
2021/7/20,3509.19
2021/7/21,3543.05
2021/7/22,3558.29
2021/7/23,3541.51
2021/7/26,3424.74
2021/7/27,3380.28
2021/7/28,3312.72
2021/7/29,3382.57
2021/7/30,3370.45
2021/8/2,3367.64
2021/8/3,3435.46
2021/8/4,3440.78
2021/8/5,3449.39
2021/8/6,3436.93
2021/8/9,3438.7
2021/8/10,3477.06
2021/8/11,3524.04
2021/8/12,3513.45
2021/8/13,3500.8
2021/8/16,3510.9
2021/8/17,3438.12
2021/8/18,3437.69
2021/8/19,3446.01
2021/8/20,3394.97
2021/8/23,3436.67
2021/8/24,3481.14
2021/8/25,3510.07
2021/8/26,3499.45
2021/8/27,3493.38
2021/8/30,3512.99
2021/8/31,3496.39
2021/9/1,3514.67
2021/9/2,3557.68
2021/9/3,3569.4
2021/9/6,3580.14
2021/9/7,3615.14
2021/9/8,3661
2021/9/9,3662.16
2021/9/10,3681.64
2021/9/13,3692.82
2021/9/14,3655.63
2021/9/15,3638.32
2021/9/16,3606.73
2021/9/17,3569.27
2021/9/22,3560.5
2021/9/23,3632.28
2021/9/24,3607.79
2021/9/27,3559.92
2021/9/28,3568.82
2021/9/29,3518.05
2021/9/30,3541.93
2021/10/8,3571.73
2021/10/11,3586.75
2021/10/12,3515.14
2021/10/13,3515.65
2021/10/14,3547.18
2021/10/15,3542.69
2021/10/18,3539.48
2021/10/19,3560.62
2021/10/20,3574.3
2021/10/21,3576.35
2021/10/22,3578.76
2021/10/25,3564.21
2021/10/26,3589.71
2021/10/27,3553.13
2021/10/28,3509.49
2021/10/29,3502.8
2021/11/1,3519.29
2021/11/2,3477.66
2021/11/3,3480.49
2021/11/4,3503.01
2021/11/5,3491.46
2021/11/8,3484.24
2021/11/9,3489.04
2021/11/10,3448.44
2021/11/11,3482.83
2021/11/12,3527.39
2021/11/15,3521.29
2021/11/16,3517.81
2021/11/17,3513.52
2021/11/18,3513.11
2021/11/19,3517.65
2021/11/22,3562.75
2021/11/23,3577.36
2021/11/24,3575.29
2021/11/25,3579.53
2021/11/26,3554.88
2021/11/29,3526.35
2021/11/30,3546.36
2021/12/1,3558.69
2021/12/2,3567.14
2021/12/3,3573.21
2021/12/6,3586.81
2021/12/7,3572.57
2021/12/8,3591.99
2021/12/9,3638.7
2021/12/10,3651.35
2021/12/13,3678.06
2021/12/14,3654.66
2021/12/15,3645.24
2021/12/16,3644.66
2021/12/17,3631.66
2021/12/20,3589.36
2021/12/21,3591.45
2021/12/22,3616.55
2021/12/23,3618.05
2021/12/24,3612.07
2021/12/27,3601.94
2021/12/28,3607.36
2021/12/29,3596.32
2021/12/30,3595.5
2021/12/31,3624.94
2022/1/4,3610.09
2022/1/5,3583.47
2022/1/6,3559.88
2022/1/7,3577.1
2022/1/10,3555.13
2022/1/11,3562.75
2022/1/12,3572.1
2022/1/13,3555.16
2022/1/14,3519.32
2022/1/17,3519.43
2022/1/18,3531.33
2022/1/19,3541.66
2022/1/20,3540.55
2022/1/21,3514.89
2022/1/24,3500.14
2022/1/25,3433.06
2022/1/26,3417.76
2022/1/27,3392.02
2022/1/28,3356.56
2022/2/7,3407.76
2022/2/8,3390.46
2022/2/9,3444.08
2022/2/10,3464.22
2022/2/11,3459.33
2022/2/14,3415.45
2022/2/15,3421.64
2022/2/16,3453.8
2022/2/17,3454.28
2022/2/18,3447.03
2022/2/21,3471.69
2022/2/22,3437.67
2022/2/23,3458.18
2022/2/24,3400.21
2022/2/25,3440.93
2022/2/28,3425.52
2022/3/1,3465.72
2022/3/2,3467
2022/3/3,3473.34
2022/3/4,3437.7
2022/3/7,3360.74
2022/3/8,3287.34
2022/3/9,3147.68
2022/3/10,3291.24
2022/3/11,3217.42
2022/3/14,3223.53
2022/3/15,3063.97
2022/3/16,3023.3
2022/3/17,3202.93
2022/3/18,3197.36
2022/3/21,3223.39
2022/3/22,3239.53
2022/3/23,3251.98
2022/3/24,3236.66
2022/3/25,3211.64
2022/3/28,3159.83
2022/3/29,3196.46
2022/3/30,3216.3
2022/3/31,3246.06
2022/4/1,3226.3
2022/4/6,3255.69
2022/4/7,3236.48
2022/4/8,3208.35
2022/4/11,3156.51
2022/4/12,3140.9
2022/4/13,3183.53
2022/4/14,3200.23
2022/4/15,3200.13
2022/4/18,3166.98
2022/4/19,3174.71
2022/4/20,3142.05
2022/4/21,3069.68
2022/4/22,3049.36
2022/4/25,2928.51
2022/4/26,2878.26
2022/4/27,2863.65
2022/4/28,2936.79
2022/4/29,2968.33
2022/5/5,3042.12
2022/5/6,2992.72
2022/5/9,2983.61
2022/5/10,2957.4
2022/5/11,3034.67
2022/5/12,3032.95
2022/5/13,3059.25
2022/5/16,3063.4
2022/5/17,3057.64
2022/5/18,3071.3
2022/5/19,3042.67
2022/5/20,3107.09
2022/5/23,3127.9
2022/5/24,3070.93
2022/5/25,3069.95
2022/5/26,3079.48
2022/5/27,3112.54
2022/5/30,3123.15
2022/5/31,3142
2022/6/1,3160.04
2022/6/2,3163.76
2022/6/6,3181.65
2022/6/7,3222.64
2022/6/8,3216.01
2022/6/9,3223.48
2022/6/10,3210.81
2022/6/13,3229.31
2022/6/14,3195.82
2022/6/15,3288.85
2022/6/16,3277.53
2022/6/17,3262.89
2022/6/20,3292.93
2022/6/21,3279.83
2022/6/22,3266.54
2022/6/23,3262.29
2022/6/24,3322.95
2022/6/27,3364
2022/6/28,3358.87
2022/6/29,3358.47
2022/6/30,3358.93
2022/7/1,3378.36
2022/7/4,3364.09
2022/7/5,3372.06
2022/7/6,3333.1
2022/7/7,3332.31
2022/7/8,3354.12
2022/7/11,3297
2022/7/12,3277.08
2022/7/13,3266.48
2022/7/14,3261.49
2022/7/15,3228.06
2022/7/18,3226.23
2022/7/19,3256.02
2022/7/20,3287.74
2022/7/21,3272
2022/7/22,3246.73
2022/7/25,3243.03
2022/7/26,3246.04
2022/7/27,3265.73
2022/7/28,3277.11
2022/7/29,3246.37
2022/8/1,3225.55
2022/8/2,3155.19
2022/8/3,3159.46
2022/8/4,3155.7
2022/8/5,3184.45
2022/8/8,3214.08
2022/8/9,3227.54
2022/8/10,3217.81
2022/8/11,3237.9
2022/8/12,3272.84
2022/8/15,3261.82
2022/8/16,3271.57
2022/8/17,3263.35
2022/8/18,3270.56
2022/8/19,3258.06
2022/8/22,3247.19
2022/8/23,3262.63
2022/8/24,3212.39
2022/8/25,3199.12
2022/8/26,3232.28
2022/8/29,3199
2022/8/30,3212.63
2022/8/31,3184.39
2022/9/1,3181.63
2022/9/2,3173.79
2022/9/5,3172.04
2022/9/6,3203.82
2022/9/7,3227.82
2022/9/8,3233.8
2022/9/9,3236.51
2022/9/13,3259.66
2022/9/14,3221.96
2022/9/15,3174.39
2022/9/16,3126.4
2022/9/19,3101.22
2022/9/20,3114.04
2022/9/21,3091.3
2022/9/22,3092.82
2022/9/23,3072.24
2022/9/26,3048.51
2022/9/27,3048.36
2022/9/28,3044.86
2022/9/29,3026.08
2022/9/30,3021.93
2022/10/10,2968.28
2022/10/11,2953.5
2022/10/12,2934.09
2022/10/13,3004.5
2022/10/14,3035.03
2022/10/17,3052.71
2022/10/18,3074.22
2022/10/19,3044.38
2022/10/20,3013.69
2022/10/21,3026.96
2022/10/24,2965.17
2022/10/25,2944.26
2022/10/26,2977.56
2022/10/27,2981.69
2022/10/28,2908.98
2022/10/31,2885.09
2022/11/1,2896.76
2022/11/2,2954.95
2022/11/3,2977.72
2022/11/4,2997
2022/11/7,3054.46
2022/11/8,3047.46
2022/11/9,3046.19
2022/11/10,3022.85
2022/11/11,3070.3
2022/11/14,3075.22
2022/11/15,3074.5
2022/11/16,3115.35
2022/11/17,3087.17
2022/11/18,3096.89
2022/11/21,3056.17
2022/11/22,3076.32
2022/11/23,3075.32
2022/11/24,3084.86
2022/11/25,3077.97
2022/11/28,3034.7
2022/11/29,3096.11
2022/11/30,3137.37
2022/12/1,3164.53
2022/12/2,3149.84
2022/12/5,3177.06
2022/12/6,3195.08
2022/12/7,3188.67
2022/12/8,3187.26
2022/12/9,3182.91
2022/12/12,3176.58
2022/12/13,3171.48
2022/12/14,3168.59
2022/12/15,3158.45
2022/12/16,3151.61
2022/12/19,3096.1
2022/12/20,3061.51
2022/12/21,3060.55
2022/12/22,3044.6
2022/12/23,3031.54
2022/12/26,3047.35
2022/12/27,3074.31
2022/12/28,3079.43
2022/12/29,3064.46
2022/12/30,3082.2
2023/1/3,3073.05
2023/1/4,3109.45
2023/1/5,3130.23
2023/1/6,3151.84
2023/1/9,3165.43
2023/1/10,3165.14
2023/1/11,3160.89
2023/1/12,3153.4
2023/1/13,3167.51
2023/1/16,3197.32
2023/1/17,3211.76
2023/1/18,3220.37
2023/1/19,3210.38
2023/1/20,3247.2
2023/1/30,3266.76
2023/1/31,3252.01
2023/2/1,3245.41
2023/2/2,3272.41
2023/2/3,3235.35
2023/2/6,3226.21
2023/2/7,3233.83
2023/2/8,3230.44
2023/2/9,3225.77
2023/2/10,3247.23
2023/2/13,3252.63
2023/2/14,3279.19
2023/2/15,3274.55
2023/2/16,3231.34
2023/2/17,3223.26
2023/2/20,3225.84
2023/2/21,3282.44
2023/2/22,3286.72
2023/2/23,3275.36
2023/2/24,3253.97
2023/2/27,3251.72
2023/2/28,3246.14
2023/3/1,3272.04
2023/3/2,3306.46
2023/3/3,3302.62
2023/3/6,3308.73
2023/3/7,3284.41
2023/3/8,3263.69
2023/3/9,3260
2023/3/10,3229.5
2023/3/13,3228.12
2023/3/14,3216.99
2023/3/15,3256.86
2023/3/16,3224.72
2023/3/17,3240.16
2023/3/20,3231.65
2023/3/21,3237.89
2023/3/22,3255.74
2023/3/23,3252.99
2023/3/24,3260.84
2023/3/27,3229.7
2023/3/28,3241.74
2023/3/29,3229.58
2023/3/30,3220.98
2023/3/31,3260.04
